email,company_location,company_name,company_revenue,first_name,last_name,year_incorporated,created_date
bswetland0@bbc.co.uk,Chão,Nlounge,47578033.47,Buddy,Swetland,2032,3/8/2022
cdunbleton1@ucoz.ru,Tras Cerros,Quatz,74261331.81,Christiane,Dunbleton,1919,2/4/2025
ksworne2@google.ru,Jiangshan,Fanoodle,12195357.82,Krishnah,Sworne,1926,12/16/2024
rrihanek3@soup.io,São Sepé,Quaxo,83162172.08,Rosabel,Rihanek,2047,7/24/2024
bstellin4@usda.gov,Panyuran,Photobug,3209309.58,Brod,Stellin,1903,5/26/2024
mlarmour5@last.fm,Dnipryany,Oyondu,34544778.07,Maddalena,Larmour,2002,5/8/2020
gherculson6@dedecms.com,Oslo,Twitterbridge,25139532.46,Greer,Herculson,1981,1/9/2022
efeild7@time.com,Bailai,Quaxo,79791317.27,Erasmus,Feild,1920,3/18/2021
scholdcroft8@lycos.com,Dodu Dua,LiveZ,89207187.17,Suki,Choldcroft,2041,12/3/2022
tlough9@t.co,Almendra,Feednation,80471549.27,Torey,Lough,2031,8/24/2021
blicquorisha@hugedomains.com,Santo Tomé,Realpoint,43265998.75,Bobette,Licquorish,1922,7/21/2021
adalyellb@nps.gov,Xumai,Wikibox,65665568.22,Alfy,Dalyell,1972,1/8/2022
bcollecottc@parallels.com,Suleja,Blogpad,29982234.46,Berky,Collecott,1979,5/5/2020
lwonford@economist.com,Shnogh,Tagcat,22664718.91,Lewiss,Wonfor,2036,9/12/2024
dwitarde@gizmodo.com,Dangjiaxian,Zooveo,24741129.97,Dean,Witard,1905,1/6/2023
heckleyf@walmart.com,Dengfang,Jabbercube,36871457.64,Helen,Eckley,1997,8/22/2024
arowsellg@washington.edu,North Saanich,Jabbersphere,74137074.59,Ailis,Rowsell,2007,11/1/2022
llindmarkh@umich.edu,Cikijing,Jabberbean,76479456.90,Lilli,Lindmark,1948,6/6/2020
bfishpooli@seattletimes.com,Malin,Centizu,25205619.48,Bobby,Fishpool,1936,1/12/2021
iwardropj@smh.com.au,Viļāni,Devify,57628732.37,Ianthe,Wardrop,1968,4/11/2021
rdurrettk@princeton.edu,Bayt al ‘Awābī,Tazz,2820306.72,Ranice,Durrett,2012,4/2/2023
lhawkswelll@linkedin.com,Yijing,Devify,32458058.57,Levin,Hawkswell,1993,8/6/2021
zlangfittm@elpais.com,Cárdenas,Jabbercube,20155630.63,Zeb,Langfitt,1951,2/3/2022
atottlen@gmpg.org,Ojo de Agua,Kamba,40464851.25,Andie,Tottle,2032,5/1/2022
avauseo@oaic.gov.au,Ciyun,Babbleblab,32811038.86,Amil,Vause,1975,4/27/2022
bhuskinsonp@ucoz.com,Tanjungampalu,Jamia,9595984.64,Bidget,Huskinson,1917,6/29/2021
vcohaniq@taobao.com,Quatro Barras,Wikizz,20672538.23,Viviyan,Cohani,2048,7/28/2023
eyearronr@apple.com,Łazy,Gabspot,40474347.41,Engracia,Yearron,1949,7/24/2021
dbarnabys@delicious.com,Dingcheng,Innojam,29932690.73,Davide,Barnaby,1992,12/25/2021
ntrevertont@fc2.com,Harhorin,Abata,2360513.16,Nichole,Treverton,1984,5/30/2023
elittlecoteu@cisco.com,Głuchołazy,Skyble,29844329.13,Eirena,Littlecote,1951,8/1/2020
rhowlandv@yellowpages.com,Gongbuxue,LiveZ,56515786.48,Roland,Howland,1976,7/16/2021
bjoynesw@sbwire.com,Pawitan,Trudeo,60940011.77,Berty,Joynes,1922,7/8/2023
skilleenx@howstuffworks.com,Llacanora,Gabtune,59167698.85,Shalom,Killeen,1951,9/16/2024
cclawy@who.int,Panineungan,Twinder,88860255.99,Clare,Claw,1923,3/14/2024
umavenz@pcworld.com,Dengzishan,Jayo,19596147.33,Urbain,Maven,1913,3/14/2020
tkyneton10@parallels.com,São José de Mipibu,Jazzy,31835065.56,Trisha,Kyneton,1941,1/5/2025
etremmil11@yahoo.com,Rejoso,Jabbersphere,94151354.85,Elsy,Tremmil,2012,11/2/2020
dalberts12@yandex.ru,San Nicolas,Brightbean,60394190.13,Danice,Alberts,1918,1/7/2022
cbrasener13@zdnet.com,Shewopo,Mynte,46243971.34,Cart,Brasener,1938,1/19/2021
etoye14@amazon.com,Ouani,LiveZ,72092872.52,Elfrida,Toye,1953,12/13/2024
lburchett15@pbs.org,Korenëvo,Gabcube,52759599.24,Larine,Burchett,2026,12/15/2024
epenwell16@weibo.com,Fengshan,Izio,52767484.97,Evelina,Penwell,1913,2/13/2025
aeckley17@unblog.fr,Lindavista,Avavee,10252138.41,Aurore,Eckley,1946,7/10/2020
livons18@oracle.com,Burauen,Linktype,88545175.99,Leigh,Ivons,2008,11/8/2024
rflanders19@weibo.com,Wąbrzeźno,Devpoint,29655755.95,Reginauld,Flanders,1934,6/27/2020
acastelletto1a@amazon.co.jp,Włoszczowa,Jabbersphere,26133242.50,Abbott,Castelletto,1902,10/30/2023
lexelby1b@usatoday.com,Sarajevo,Browsebug,43871352.38,Lotti,Exelby,1927,10/8/2022
sbyrth1c@weibo.com,Hội An,Skyvu,95845052.81,Shandeigh,Byrth,1918,6/27/2024
clilywhite1d@dropbox.com,Tanzybey,Twinte,56177147.40,Caitrin,Lilywhite,1995,10/4/2020
eletcher1e@surveymonkey.com,Hougang,Izio,85251672.97,Evvie,Letcher,2033,8/12/2023
cbaxster1f@telegraph.co.uk,Dobra,Buzzshare,2889723.42,Camala,Baxster,1913,5/3/2020
hvandevelde1g@telegraph.co.uk,Nyurba,Dabtype,67380687.17,Hyacinthie,Van de Velde,1901,7/20/2022
wmaseyk1h@symantec.com,Mulhouse,Yakitri,3106324.65,Worth,Maseyk,1959,1/13/2022
edowsett1i@blog.com,Nankeng,Browseblab,4129703.27,Evelina,Dowsett,1951,5/25/2020
sepgrave1j@miitbeian.gov.cn,Zoumi,Youspan,8897397.56,Sollie,Epgrave,1908,12/14/2024
espear1k@ted.com,Venda Nova,Midel,89182163.56,Eduard,Spear,2000,3/10/2022
smcrill1l@blinklist.com,Wates,Skinder,79317298.40,Sadella,McRill,2028,7/30/2022
htrood1m@opera.com,Kota Ternate,Plambee,42227531.65,Hermon,Trood,1966,8/21/2022
kferriere1n@flickr.com,Longnan,Avaveo,23665069.21,Kellen,Ferriere,2044,10/10/2022
rzelland1o@php.net,Tuanjie,Mydo,76480058.23,Ramsay,Zelland,1955,7/28/2022
tdowne1p@abc.net.au,Morangis,Topiclounge,95214282.71,Tremaine,Downe,1977,9/29/2024
nstrike1q@dropbox.com,Changjiangbu,Tagopia,85126676.05,Nollie,Strike,1937,9/26/2024
rdewdney1r@virginia.edu,Al Qābil,Eamia,31136559.66,Rriocard,Dewdney,1913,3/5/2020
mfrancais1s@is.gd,Kavadarci,Youspan,20294447.68,Meggy,Francais,1960,12/21/2022
pcolumbell1t@hibu.com,San Pedro Apartado,Innojam,34142146.53,Padraic,Columbell,1963,6/19/2023
lgianinotti1u@pcworld.com,Rudnichnyy,Vinte,70106020.94,Lonna,Gianinotti,1993,7/19/2023
ksheach1v@tmall.com,Dubăsari,Realblab,51336975.50,Kingsly,Sheach,1954,11/12/2021
kalessandretti1w@telegraph.co.uk,Bungtiang Barat,Rhybox,85194245.54,Kristin,Alessandretti,1929,10/11/2023
fberceros1x@cyberchimps.com,Katav-Ivanovsk,Avamba,66681654.98,Flemming,Berceros,2040,9/4/2021
dbarkshire1y@google.co.uk,Kedrovoye,Linklinks,46487673.51,Davidson,Barkshire,2012,11/12/2024
lmiebes1z@dion.ne.jp,Veiga,Avamba,99164832.67,Leland,Miebes,2050,8/23/2022
adrexel20@opensource.org,Bitung,Tagfeed,85331138.61,Ange,Drexel,2018,7/12/2024
tcurrao21@hao123.com,Nowe Miasto,Innotype,94295663.02,Tobi,Currao,2013,5/1/2021
eholtom22@amazon.de,Puerto Iguazú,Ozu,63779442.43,Eduino,Holtom,2025,5/23/2020
cshavel23@shop-pro.jp,Ol Kalou,Gabcube,92776405.38,Cathrine,Shavel,2041,12/7/2023
hmacauley24@rediff.com,Polyarnyye Zori,Devpulse,15836048.94,Herta,Macauley,1948,6/12/2024
csimla25@fastcompany.com,Mollās̄ānī,Mycat,61478809.90,Christabel,Simla,1939,3/14/2023
gseden26@businessinsider.com,Straszydle,Thoughtsphere,5573130.40,Gaston,Seden,1916,11/26/2024
echaloner27@boston.com,Bilozerka,Jaxworks,96990096.36,Enriqueta,Chaloner,2014,1/3/2021
mduffie28@odnoklassniki.ru,Lázně Kynžvart,Edgeblab,8312312.76,Monte,Duffie,1922,8/29/2020
lpalffrey29@clickbank.net,Borovany,Mydo,94726708.25,Larisa,Palffrey,1940,10/27/2023
jvanini2a@macromedia.com,Tosu,Geba,48412942.63,Jamie,Vanini,1972,1/27/2024
gbroadis2b@booking.com,Shuishi,Youopia,22557239.77,Goddart,Broadis,2008,3/25/2024
abrandreth2c@netlog.com,Cikendi,Ailane,56618488.40,Averill,Brandreth,1978,4/19/2022
bflewan2d@ustream.tv,Karbunara e Vogël,Feedfish,67379634.55,Bettine,Flewan,1972,6/27/2022
tnelsey2e@phoca.cz,Malvas,Tagpad,92120889.58,Traci,Nelsey,2034,4/9/2022
gpavkovic2f@goo.ne.jp,Bulgan,Youspan,653048.25,Gradeigh,Pavkovic,1993,3/17/2025
hdundendale2g@mit.edu,Sidu,Skalith,28218897.07,Hillie,Dundendale,1961,7/21/2022
aleyman2h@europa.eu,Santa Bárbara,Zooxo,94876615.50,Andie,Leyman,1943,2/1/2023
vdickerline2i@arstechnica.com,Los Córdobas,Skiptube,89208592.59,Viki,Dickerline,1927,3/6/2020
amurcott2j@printfriendly.com,Anápolis,Skinix,68695517.47,Abagael,Murcott,1977,12/11/2024
ldevons2k@cnbc.com,Bukor,Linktype,3067287.80,Lawton,Devons,1903,8/12/2020
rlakenton2l@umich.edu,Saint-Denis,Realmix,85769604.92,Rabi,Lakenton,1980,1/18/2022
gdesavery2m@cnet.com,Al Manqaf,Podcat,69269550.43,Gretal,de Savery,1984,12/16/2020
apodbury2n@theatlantic.com,São João de Caparica,Edgeclub,3402573.34,Abbot,Podbury,2026,10/16/2021
sneasam2o@webnode.com,Gornyy,Midel,82027466.43,Stanton,Neasam,1901,1/25/2025
kpendle2p@aboutads.info,Kināna,Voomm,14434187.98,Kristyn,Pendle,1965,4/13/2021
dmcgahy2q@timesonline.co.uk,Ruzhany,Flipbug,50136586.49,De witt,McGahy,1957,5/20/2024
dtym2r@ftc.gov,Komatsu,Shufflester,88108214.05,Debee,Tym,2025,4/7/2024
rgravenell2s@buzzfeed.com,Halle,Feedfire,55673821.67,Rey,Gravenell,1909,1/20/2022
troux2t@smugmug.com,Tanguá,Wikizz,80748459.94,Thorny,Roux,2015,2/15/2021
kbourdon2u@aboutads.info,Javarthushuu,Yambee,42373176.70,Katya,Bourdon,1935,4/21/2020
gbonafacino2v@about.com,Rouen,Tagopia,3758143.85,Goraud,Bonafacino,1965,10/16/2024
pgaskill2w@zimbio.com,Samanggen,Tagpad,90597584.53,Peri,Gaskill,1910,4/2/2023
gguerrier2x@eventbrite.com,Dolores,Voonte,64700771.28,Gav,Guerrier,2021,4/6/2024
rsnailham2y@vinaora.com,Praia da Tocha,Buzzbean,95658149.02,Rosanne,Snailham,1942,12/29/2022
pbaldassi2z@hostgator.com,Danzao,Yombu,10658685.88,Phillipp,Baldassi,1946,4/2/2023
pmatthias30@google.com.br,Hengliang,Skiba,33993341.92,Perla,Matthias,1919,4/7/2023
mfinding31@yahoo.co.jp,Daet,Flipopia,43771265.78,Margaux,Finding,1902,7/14/2023
ybaurerich32@fotki.com,Ambulong,Yakidoo,82397843.63,Yves,Baurerich,1938,11/8/2021
iagge33@oakley.com,Faya-Largeau,Rhybox,19467198.21,Iolanthe,Agge,2011,12/31/2020
iodonohue34@archive.org,Yuetang,Babbleopia,88563575.37,Ignaz,O'Donohue,2015,1/31/2025
dfew35@list-manage.com,'s-Hertogenbosch,Skimia,76575487.33,Duncan,Few,1954,11/13/2020
ospacie36@nbcnews.com,Kuala Terengganu,Thoughtbridge,25105164.98,Olav,Spacie,2002,10/29/2024
vhannis37@cyberchimps.com,Levandeira,Realpoint,54487198.96,Vernice,Hannis,1992,4/30/2021
scessford38@merriam-webster.com,Yancheng,Thoughtsphere,49474770.87,Sioux,Cessford,1962,2/22/2024
klabadini39@people.com.cn,Moya,Realcube,96686603.74,Kevina,Labadini,1956,10/28/2020
thawkswood3a@icio.us,Castres,Skyba,50570600.12,Torrance,Hawkswood,2007,1/20/2022
dmedd3b@chicagotribune.com,Azor,Brightbean,57174217.29,Dav,Medd,1972,12/30/2020
bkunzler3c@mozilla.com,Saint Croix,Rhyloo,90330045.67,Bianka,Kunzler,1937,1/30/2023
adodworth3d@booking.com,Dagup,Shufflester,15374887.75,Annabal,Dodworth,2043,7/2/2020
ihaccleton3e@jigsy.com,Jargalant,Teklist,92463186.09,Ike,Haccleton,1933,1/18/2023
rmangin3f@google.de,Umanday Centro,Dynabox,59349889.50,Rey,Mangin,1947,5/28/2024
ggrandison3g@shutterfly.com,Sengeti,Yabox,9267249.63,Garek,Grandison,1935,8/8/2023
tscolts3h@ehow.com,Hashimoto,Oyoba,85672997.45,Troy,Scolts,1973,2/11/2022
yrubinfajn3i@xinhuanet.com,Prengtale,Voolia,14785848.63,Yancey,Rubinfajn,1962,10/30/2022
lbarti3j@china.com.cn,Cilolohan,Blogtags,62797077.30,Loraine,Barti,1906,7/29/2021
dsale3k@clickbank.net,Daxing,Skinder,79879200.95,Donovan,Sale,1952,8/26/2020
sbiggins3l@hao123.com,Petrovsk,Innojam,92858380.08,Sandra,Biggins,2013,10/20/2021
lwyer3m@exblog.jp,Figueira dos Cavaleiros,Rhynyx,27872187.37,Lorrie,Wyer,1912,11/22/2020
jcasiero3n@delicious.com,Jiling,Plajo,68988932.22,Jacquenette,Casiero,1957,3/16/2021
ssummerscales3o@si.edu,Donji Dobrić,Skimia,38394740.27,Shelia,Summerscales,1924,4/29/2023
ddavidou3p@ehow.com,Obollo-Afor,Mita,73781476.05,Dyanna,Davidou,2006,8/7/2024
dcowe3q@pbs.org,Guocun,Riffpedia,30053508.12,Desiree,Cowe,2036,3/25/2023
mmcvaugh3r@indiatimes.com,Itō,Voonix,14304073.31,Marmaduke,McVaugh,1921,2/7/2021
ehamments3s@statcounter.com,Shibajiazi,Einti,71540989.55,Evangelina,Hamments,2035,9/13/2020
kkitchaside3t@shutterfly.com,København,Plambee,15053878.62,Kahlil,Kitchaside,1966,5/14/2024
dbaggot3u@com.com,Corumbá,Minyx,45636236.69,Donall,Baggot,2034,10/24/2021
minnes3v@intel.com,Guxi,Bluejam,57219580.64,Marty,Innes,2029,7/15/2020
dklessmann3w@taobao.com,Taotang,Kwideo,50178323.84,Derick,Klessmann,1911,8/15/2020
gsollon3x@eepurl.com,Navoiy,Voonyx,76362076.61,Glory,Sollon,1957,4/28/2023
wmackonochie3y@mozilla.com,Shatian,Meejo,52390611.35,Winfield,MacKonochie,2022,5/16/2021
hclemmow3z@microsoft.com,Perštejn,Digitube,54887901.05,Huey,Clemmow,1962,6/22/2024
ebexley40@amazon.de,Ai Tu,Voolia,87621409.17,Enrico,Bexley,2025,3/23/2021
hamoss41@geocities.com,Yanwukou,Buzzdog,34514653.58,Hill,Amoss,1920,11/5/2021
cpietraszek42@sourceforge.net,Kluczbork,Browseblab,74424132.63,Caye,Pietraszek,1974,12/15/2023
sperrat43@mac.com,Pueblo Nuevo Viñas,Quatz,7139919.16,Sylas,Perrat,1936,6/7/2024
rhornbuckle44@smugmug.com,Sorren Daya,Kwimbee,92273812.58,Romain,Hornbuckle,1987,3/10/2023
lheale45@mac.com,Gora,Divavu,71916341.91,Lilly,Heale,1926,7/31/2024
tallwright46@virginia.edu,Lidingö,Oyoloo,36301742.25,Toddie,Allwright,1965,6/4/2020
demberton47@bbc.co.uk,Piúma,Divape,33268555.28,Desmond,Emberton,2050,10/19/2024
mpharrow48@amazon.co.jp,Houjiagang,Zoovu,27718287.71,Malory,Pharrow,1958,3/25/2025
cskully49@accuweather.com,Santa Cruz,Wikido,76441243.00,Chanda,Skully,1993,9/20/2021
egertray4a@yellowpages.com,Dassun,Voonte,57540501.29,Eugenia,Gertray,1953,8/3/2021
areany4b@blogger.com,Papágou,Flipstorm,85278390.98,Adriane,Reany,1983,3/21/2025
bscadden4c@amazonaws.com,Santa Helena,Vipe,95687078.85,Bear,Scadden,1989,8/9/2022
sbenois4d@baidu.com,Merdeka,Zoovu,19461385.53,Sigismond,Benois,2049,8/14/2021
baird4e@hibu.com,Ros’,Avavee,14011294.39,Beatrix,Aird,1989,4/26/2024
hbuggs4f@devhub.com,Kraśnik,Gigaclub,50302864.35,Hetty,Buggs,1900,9/5/2022
asorby4g@sfgate.com,Yessentuki,Wikizz,95889194.70,Abbey,Sorby,1995,11/13/2022
kpriddis4h@amazonaws.com,Teplice,Tagopia,18665288.76,Kathryn,Priddis,2025,4/12/2023
hbollis4i@addthis.com,Terawas,Livetube,66830665.44,Hamlen,Bollis,1936,2/16/2025
nbarneville4j@webeden.co.uk,Västerås,Tazz,42030684.39,Norby,Barneville,2013,7/23/2022
gmoden4k@wp.com,Darhan,Topicshots,70689083.53,Gallard,Moden,1952,10/21/2024
dsimion4l@livejournal.com,Teberda,Trilia,67091447.00,Dael,Simion,1930,5/16/2023
kjoyce4m@fda.gov,Shi’an,Oozz,26484784.05,Kinsley,Joyce,2037,1/20/2024
bmcgiffin4n@wunderground.com,Changshengqiao,Dabjam,32828494.13,Bil,Mc Giffin,1977,9/26/2021
cburditt4o@bbc.co.uk,Burgos,Meembee,75136234.84,Constantina,Burditt,1905,12/8/2020
kbeloe4p@slideshare.net,Fort Worth,Edgepulse,54012485.74,Katrine,Beloe,2047,5/4/2024
mcreus4q@tinyurl.com,Dasha,Kazio,49945673.46,Morganica,Creus,1961,7/28/2020
scupitt4r@about.me,Ananea,Wikizz,81946233.09,Shadow,Cupitt,1925,6/15/2023
rstillgoe4s@google.com,Cape Coast,Zava,97709393.52,Rodrick,Stillgoe,2001,9/22/2024
dtidman4t@amazonaws.com,Bistrica ob Sotli,Vipe,47294435.15,Dyna,Tidman,2011,3/23/2020
pbelchem4u@google.com,Chistopol’,Mita,99905657.02,Port,Belchem,1931,12/14/2021
mlightbody4v@illinois.edu,Židlochovice,Kanoodle,85345380.82,Mabel,Lightbody,1932,11/11/2021
cbalsdone4w@dell.com,Nachalovo,Brainsphere,34014444.26,Clarette,Balsdone,2008,6/11/2024
mkirkpatrick4x@huffingtonpost.com,Delgado,Trunyx,81227225.45,Moyna,Kirkpatrick,2011,4/21/2022
rgommes4y@disqus.com,Kangar,Jetwire,55008572.70,Rriocard,Gommes,1971,9/12/2022
rpergens4z@ca.gov,Cuauhtemoc,Twitterworks,29336458.10,Raleigh,Pergens,1919,10/4/2021
yallitt50@fc2.com,Changsha,Feedfish,78475191.11,Yehudi,Allitt,2024,3/14/2024
ddantuoni51@theglobeandmail.com,Dortmund,Topicware,44636909.60,Dayna,D'Antuoni,1991,1/12/2022
eyearsley52@fda.gov,Cabangahan,Tazz,6334045.82,Esme,Yearsley,2039,3/10/2021
lpomeroy53@imageshack.us,Puttalam,Dynazzy,76605140.52,Lurette,Pomeroy,1989,9/19/2022
rerasmus54@devhub.com,Ban Kruat,Youbridge,32545215.12,Rebe,Erasmus,1950,8/8/2021
bbergeon55@ebay.co.uk,Dnipryany,Tagchat,3904714.36,Bertie,Bergeon,2001,1/9/2025
bglendzer56@wiley.com,Viimsi,Ntag,39180832.16,Bryn,Glendzer,1998,3/26/2024
panderbrugge57@jiathis.com,Rotterdam postbusnummers,Oozz,98322284.41,Prudy,Anderbrugge,1997,5/16/2022
bwhiten58@amazon.com,Yantianhe,Photojam,3204972.43,Bunnie,Whiten,1990,9/13/2021
cshepherd59@guardian.co.uk,Temanjang,Jayo,83747173.81,Claire,Shepherd,1907,1/3/2023
mdorning5a@va.gov,Punta del Este,Wikibox,82720900.39,Morty,Dorning,1915,4/24/2023
bbonefant5b@livejournal.com,Lena,Flashspan,52344790.72,Barclay,Bonefant,1934,4/5/2021
rpembridge5c@wired.com,Shuangqiao,Realbridge,16236290.92,Reinwald,Pembridge,1929,9/7/2022
lrainard5d@booking.com,Kuching,Vidoo,39695047.14,Lyn,Rainard,2050,9/10/2021
slinnane5e@jigsy.com,Popayán,Edgewire,80941842.84,Sherri,Linnane,1993,9/17/2024
joheneghan5f@dagondesign.com,Kaset Sombun,Avamba,57718533.17,Janenna,O'Heneghan,1946,8/24/2024
ljenkyn5g@slideshare.net,Boconó,Twimm,77151491.35,Lyndsie,Jenkyn,1906,1/15/2021
grevell5h@un.org,Krajan C Wonorejo,Fivechat,63821680.03,Geralda,Revell,1902,1/28/2021
jcrudgington5i@nhs.uk,Rokycany,Izio,4166796.11,Jaymee,Crudgington,1957,11/21/2021
eclemson5j@weebly.com,Dubrovka,Eidel,29513165.79,Eddi,Clemson,1984,2/5/2023
mgainseford5k@china.com.cn,Sumberan,Oyoba,66752169.65,Murdock,Gainseford,1933,7/20/2020
fkeighley5l@storify.com,Camaquã,Oyonder,16839403.43,Felice,Keighley,2002,10/22/2024
mstreeten5m@vk.com,Esik,Photospace,57037587.17,Micky,Streeten,1947,11/9/2023
pdavoren5n@theglobeandmail.com,Joliet,Bluezoom,78068666.86,Pandora,Davoren,2005,12/1/2020
bpallent5o@google.es,Bojonggaling,Mynte,32249629.43,Benjamin,Pallent,1928,2/1/2021
dgogay5p@trellian.com,Bagorejo,Dabvine,73203442.74,Dennie,Gogay,2050,2/3/2022
cwindrum5q@businessweek.com,Sijiu,Skippad,41992992.83,Creigh,Windrum,1985,10/26/2021
acarvell5r@auda.org.au,Topol’noye,Brainsphere,17551604.29,Amye,Carvell,1976,8/20/2023
bbellay5s@latimes.com,Nancheng,Photospace,47975317.00,Borden,Bellay,1977,3/4/2025
wlonder5t@nhs.uk,Krajan Tekung,Vinte,65862495.64,Wye,Londer,1923,6/28/2024
chowgill5u@rambler.ru,Sarlat-la-Canéda,Buzzbean,16910498.91,Cy,Howgill,1923,6/19/2020
fspeak5v@theguardian.com,Meipu,Yoveo,72811679.54,Freddy,Speak,2039,7/23/2021
fcanizares5w@gmpg.org,Banjar Serangan,Riffpedia,87259184.93,Fleur,Canizares,1967,5/17/2021
fgillebert5x@slideshare.net,Qingminghe,Browseblab,25956909.42,Frasco,Gillebert,2047,6/14/2023
bkeene5y@technorati.com,Yong’an,Livetube,62648320.30,Batholomew,Keene,2009,12/23/2021
mrobbel5z@de.vu,Phoenix,Agimba,3545524.01,Margy,Robbel,2002,8/30/2021
gouldcott60@tripod.com,Lapas,Bluejam,73804591.94,Gennifer,Ouldcott,2027,9/20/2022
wslaght61@usatoday.com,Gilin,Youopia,43561736.24,Wolfy,Slaght,1990,9/12/2020
acharrington62@ocn.ne.jp,Chalan Pago-Ordot Village,Innojam,46704808.06,Adena,Charrington,2027,3/17/2025
arapa63@wufoo.com,San Francisco de la Paz,Mymm,7058377.37,Ambrosius,Rapa,1977,4/11/2020
vgrooby64@nbcnews.com,Paiisa,Aibox,22120268.53,Vernice,Grooby,1940,2/5/2023
mhaycock65@answers.com,Jardim,Jaxnation,23791033.51,Muffin,Haycock,1923,4/4/2020
lburwood66@hao123.com,Krujë,Jaxspan,79179793.63,Lambert,Burwood,1935,6/14/2020
cportch67@sogou.com,Słotowa,Babblestorm,86778096.18,Cesaro,Portch,2005,6/9/2023
rlaise68@hugedomains.com,Herrljunga,Nlounge,21452856.55,Rora,Laise,1990,11/12/2024
apollendine69@spotify.com,Perth,Jaloo,28016040.52,Agosto,Pollendine,1970,8/2/2022
jcollumbell6a@printfriendly.com,Paris 17,Meezzy,68588266.17,Judas,Collumbell,2030,3/21/2025
sbendan6b@macromedia.com,Bujaków,Twimm,25295885.61,Sibeal,Bendan,1994,3/11/2022
cesherwood6c@spiegel.de,San Lorenzo,Topicware,39954975.27,Chevy,Esherwood,1981,10/25/2022
gscoon6d@discuz.net,Karukh,Shuffledrive,65564890.76,Gloria,Scoon,2041,9/24/2022
iquernel6e@ycombinator.com,Lutoryż,Skipfire,21793109.27,Irita,Quernel,2015,3/11/2022
rantrum6f@army.mil,Kajanan,Ainyx,38499003.01,Ruggiero,Antrum,2036,5/6/2023
xilyunin6g@ibm.com,Lue Amnat,Einti,43715706.61,Xever,Ilyunin,2018,1/19/2025
lburdass6h@disqus.com,Mayantoc,Jatri,90451382.15,Lydie,Burdass,2018,10/28/2021
mzuanazzi6i@hubpages.com,Mariatana,Yamia,37491226.04,Mikael,Zuanazzi,1917,5/5/2023
lleale6j@infoseek.co.jp,Shuangyuan,Zoomzone,64787543.19,Leandra,Leale,1994,8/21/2023
rdurban6k@github.io,Dafeng,Dynabox,30068577.60,Rex,Durban,2000,10/15/2023
ctrowill6l@altervista.org,Dangjiaxian,Fanoodle,71190331.06,Cozmo,Trowill,1982,7/5/2021
agaven6m@baidu.com,Shihuang,Kwimbee,32926174.59,Alie,Gaven,2020,3/31/2021
mturpey6n@ca.gov,"Brgy. Nalook, kalibo",Quinu,7976704.29,Morgana,Turpey,1985,5/15/2023
gedlestone6o@woothemes.com,Embalse,Reallinks,91880737.91,Grange,Edlestone,2012,4/4/2021
gaseef6p@eventbrite.com,Ningdun,Zooveo,72254951.54,Gabriell,Aseef,1985,9/5/2020
ealti6q@plala.or.jp,Letlhakeng,Yacero,42899670.14,Euphemia,Alti,1916,9/12/2020
hswiers6r@github.com,Jiadingzhen,Meeveo,19878587.99,Harlin,Swiers,1994,6/7/2023
jfellgate6s@apache.org,Oslo,Myworks,77012796.76,Julia,Fellgate,1981,4/10/2024
bgremain6t@cornell.edu,Al Wuday‘,Kwimbee,71804911.76,Bobine,Gremain,1971,4/30/2022
awedlake6u@cpanel.net,Cafe,Jaxnation,49759288.18,Artus,Wedlake,1921,8/17/2021
cbompass6v@tuttocitta.it,Včelná,Livepath,87693619.20,Clem,Bompass,1992,1/19/2022
mspaingower6w@google.cn,Yangdi,Rhycero,2281691.27,Melisse,Spain-Gower,1976,6/20/2021
isurgener6x@privacy.gov.au,Tapas,Oyope,34921836.14,Ignacio,Surgener,2012,5/7/2022
pcuddy6y@businessinsider.com,Qinghua,Dabvine,45621452.40,Paten,Cuddy,1927,1/7/2021
lclement6z@europa.eu,Kalilangan,Skidoo,77635609.47,Leroi,Clement,1996,1/10/2023
rannies70@phpbb.com,Pamplona,Gigaclub,38205650.51,Ray,Annies,1949,12/22/2021
scatterson71@home.pl,Boka,Yozio,36824093.18,Solly,Catterson,2031,3/3/2024
mmcneill72@multiply.com,Zürich,Photospace,88436395.38,Marieann,McNeill,2045,9/13/2024
tolexa73@yandex.ru,Liwonde,Voomm,42539046.51,Thain,Olexa,1980,11/7/2023
cdennehy74@google.com,Sundbyberg,Tambee,43740049.64,Catherina,Dennehy,1954,5/29/2021
jcowper75@icq.com,Ińsko,Jabbertype,98334676.51,Jeanine,Cowper,1972,8/16/2022
rquilliam76@elegantthemes.com,Mayenne,Rhybox,25358914.45,Rosanna,Quilliam,1918,2/18/2023
akobel77@usgs.gov,Sidareja,Bubblebox,23597092.63,Archibold,Kobel,1945,5/19/2021
creicherz78@squidoo.com,Tomepampa,Voomm,26469511.02,Chrotoem,Reicherz,1962,1/8/2021
ghucke79@disqus.com,Dongshangguan,Trudeo,5515606.72,Guendolen,Hucke,1948,5/12/2022
lfludder7a@mozilla.com,Mhango,Yacero,41335414.03,Lorilee,Fludder,1970,2/4/2023
mmoult7b@umn.edu,Uruaçu,Skippad,32738915.31,Milli,Moult,2047,12/13/2022
fportwain7c@independent.co.uk,Iraquara,Twitterlist,74358135.21,Fredericka,Portwain,1976,2/14/2023
jpetraitis7d@4shared.com,Dalupaon,Wordware,19815866.22,Joycelin,Petraitis,2041,6/8/2024
esarvar7e@infoseek.co.jp,Mosjøen,Riffpath,41136291.69,Emmet,Sarvar,1993,3/6/2025
ncoldman7f@xinhuanet.com,Antiguo Cuscatlán,Meedoo,22094290.93,Netty,Coldman,1966,5/13/2022
dedgerly7g@nsw.gov.au,Krajan Gading,Einti,72560414.08,Dayle,Edgerly,1922,3/1/2021
pdarragh7h@ifeng.com,Casal do Relvas,Agimba,62044825.75,Prudi,Darragh,1938,3/21/2024
bpatey7i@jigsy.com,Canomoy,Flipopia,12958816.80,Brig,Patey,1909,6/8/2024
bgillespey7j@qq.com,Bun Barat,Kwideo,47817904.65,Betsey,Gillespey,1901,11/22/2020
sandroletti7k@blogger.com,Santa Iria de Azóia,Realbuzz,20497520.30,Sybilla,Androletti,1940,12/7/2020
qbessant7l@google.com.hk,Smarhon’,Npath,92298919.91,Quintina,Bessant,2019,9/10/2024
mfleeming7m@dropbox.com,Szeged,Eayo,32366301.02,Mathilde,Fleeming,1947,1/15/2024
tcloney7n@seesaa.net,San Felipe,Zoomdog,53358995.88,Thorndike,Cloney,1906,3/17/2020
afowell7o@creativecommons.org,Pinglin,Skaboo,32396262.36,Alwyn,Fowell,1907,10/1/2022
dtest7p@barnesandnoble.com,Buliu,Shuffletag,78015533.72,Dyann,Test,1987,1/2/2021
bkilshall7q@phoca.cz,Artimet,Dabfeed,70373607.74,Buckie,Kilshall,1902,11/25/2022
lyglesias7r@intel.com,Cherskiy,Yombu,41347741.84,Lena,Yglesias,1911,10/13/2021
ejeffcock7s@narod.ru,Mēga,Oyoyo,59101048.02,Eveleen,Jeffcock,1992,11/1/2022
cgiddings7t@fc2.com,Shifang,Livepath,43772398.06,Chantal,Giddings,2007,7/28/2024
ecasolla7u@comsenz.com,Negotino,Fanoodle,54022439.82,Ellerey,Casolla,1979,9/15/2023
jgowan7v@blog.com,Cahuacho,Bubbletube,94653401.42,Jayson,Gowan,1919,9/19/2023
dbarwise7w@newyorker.com,Sofrino,Kazu,64822278.48,Dione,Barwise,1967,11/28/2021
kbrunker7x@blogs.com,Haligue,Browsetype,75238341.80,Kenny,Brunker,1916,3/30/2023
gkarleman7y@abc.net.au,Ulimonong,Meetz,78392506.93,Garey,Karleman,2050,5/23/2023
hbardill7z@seesaa.net,Roseau,Izio,50078793.97,Halsy,Bardill,1943,4/11/2022
aduxfield80@facebook.com,Gornorechenskiy,Dabtype,28798602.98,Allie,Duxfield,1956,5/23/2020
jvasishchev81@histats.com,Dagestanskiye Ogni,Vitz,40281083.23,Jo-ann,Vasishchev,1993,6/3/2023
lclitsome82@yellowbook.com,Clamart,Skiptube,85395111.19,Lauraine,Clitsome,1976,10/26/2022
nebbetts83@indiegogo.com,Makbon,Midel,35894288.57,Nathanael,Ebbetts,1907,11/12/2021
dcongreve84@wiley.com,Andongsari,Babblestorm,73837858.09,Dietrich,Congreve,2012,8/29/2021
ktoovey85@istockphoto.com,Korsun’-Shevchenkivs’kyy,Zoomcast,49123764.90,Krishna,Toovey,1986,1/12/2021
lludovico86@irs.gov,Guotan,Jayo,84401569.00,Leigh,Ludovico,1943,4/14/2023
rclemetts87@ovh.net,Wujiashan,Feedspan,96292172.92,Reynolds,Clemetts,1935,5/20/2023
mbevis88@w3.org,Budy,Myworks,78924701.61,Margy,Bevis,2027,7/6/2024
wwainman89@seattletimes.com,Laguna de Perlas,Gigashots,17954816.96,Welbie,Wainman,2017,5/18/2023
akelledy8a@sogou.com,Pochayiv,Jayo,2750519.67,Amaleta,Kelledy,1942,7/12/2024
fbellanger8b@china.com.cn,Lauro de Freitas,Meejo,28241651.59,Faber,Bellanger,2028,11/3/2023
ptulleth8c@spiegel.de,Qal‘ah-ye Kūf,Zazio,4279028.14,Peadar,Tulleth,1958,8/4/2020
rspohrmann8d@nsw.gov.au,Dayangqi,Topicware,34697237.33,Roseanna,Spohrmann,1905,2/6/2022
gbonallack8e@indiegogo.com,Tipaz,Youspan,43597033.35,Gilburt,Bonallack,1913,8/13/2021
vlago8f@eepurl.com,Morocelí,Yodel,89126299.15,Verile,Lago,2004,4/6/2022
kjeckells8g@elegantthemes.com,Ilihan,Eayo,61747085.11,Kelila,Jeckells,2003,6/2/2024
nheasman8h@geocities.com,Riti,Trilia,79122373.03,Nikki,Heasman,2038,7/24/2020
abalk8i@networksolutions.com,Udomlya,Oyondu,51598211.08,Ashla,Balk,2040,10/21/2022
lcapps8j@jugem.jp,Bác Ái,Rhybox,64369400.75,Lonee,Capps,1969,12/2/2022
dmattioli8k@mozilla.org,Watunggong,Meeveo,54944135.91,Darb,Mattioli,1976,2/15/2025
fprettyjohns8l@princeton.edu,Makueni,Zoomdog,17423792.65,Ferdy,Prettyjohns,2045,11/3/2023
ftwinbourne8m@over-blog.com,Maputo,Bluezoom,45777506.06,Flor,Twinbourne,1954,9/8/2022
sgunter8n@google.es,Hengelo,Yata,50213632.19,Sheree,Gunter,2033,7/29/2020
comara8o@baidu.com,Quinipot,Twimbo,29787900.05,Catarina,O'Mara,1992,12/19/2024
twickstead8p@washington.edu,Marne-la-Vallée,Divanoodle,53295590.19,Torry,Wickstead,1927,8/1/2021
lmelwall8q@google.co.jp,Qiangqinxue,Twimbo,58987221.50,Lorette,Melwall,1984,6/9/2020
mvigus8r@paginegialle.it,Kokubunji,Thoughtblab,78346303.18,Minna,Vigus,1946,10/26/2024
aswinfen8s@edublogs.org,Longjie,Cogidoo,75237910.65,Artur,Swinfen,1924,4/25/2024
ldenison8t@samsung.com,Náchod,Topdrive,96387447.40,Lissi,Denison,1968,1/11/2022
mbloggett8u@imgur.com,Halayhay,Aimbu,26888714.39,Meggie,Bloggett,1956,6/6/2022
ftomczak8v@example.com,Káto Miliá,Mita,33821249.08,Franky,Tomczak,2024,4/23/2022
aflockhart8w@wp.com,Bent Jbaïl,Mudo,49439764.56,Arabel,Flockhart,2014,10/28/2021
ngisbye8x@google.pl,Sędziejowice,Demivee,8985856.43,Nev,Gisbye,2027,10/25/2020
jmetschke8y@harvard.edu,Dingzigu,Flashdog,5051839.59,Joanna,Metschke,1928,12/30/2020
rthrustle8z@bbb.org,Tlučná,Linkbuzz,7502144.10,Rabi,Thrustle,1997,12/2/2022
ekiddye90@ibm.com,Wilamowice,Reallinks,41362272.71,Emlynne,Kiddye,1967,3/4/2022
bgrene91@amazon.co.uk,Marco,Yombu,60388816.13,Barbey,Grene,2027,9/28/2023
mtuffey92@woothemes.com,Shawnee Mission,Edgeify,26172166.28,Mallory,Tuffey,2038,9/14/2024
hgirodier93@nydailynews.com,Las Flores,Gevee,78350609.67,Hobart,Girodier,1965,5/1/2024
gloffill94@geocities.jp,Little Baguio,Cogidoo,41229335.22,Greta,Loffill,2002,10/22/2023
otoun95@yolasite.com,Moreno,Kazio,60099812.89,Ophelia,Toun,1973,11/24/2024
thelsby96@bbc.co.uk,Villa Santa Rita,Gabtune,76887833.71,Tuck,Helsby,1942,4/12/2022
mdriffe97@tmall.com,Conel,Aivee,36027216.99,Mohammed,Driffe,2006,12/6/2023
kanning98@weather.com,Lattes,Pixope,75848176.31,Katy,Anning,2042,7/1/2022
cbakey99@ucoz.com,Thị Trấn Ngải Giao,Voomm,41121790.73,Constantine,Bakey,1902,7/18/2020
hbaudassi9a@csmonitor.com,New Orleans,Zoonoodle,90985862.80,Hildegaard,Baudassi,2003,8/22/2022
rmcpeice9b@icq.com,Massawa,Agimba,63659376.94,Rutherford,McPeice,2002,7/27/2024
bgallegos9c@dailymail.co.uk,Trongsa,Gabtune,65363836.10,Bradan,Gallegos,2045,2/21/2023
hbradbury9d@wikia.com,Liulimiao,Zoomdog,13063637.27,Hewie,Bradbury,2000,6/8/2021
rjuszczyk9e@nyu.edu,Ngeni,Kazu,76550357.52,Rory,Juszczyk,2039,1/28/2024
rbrooksbie9f@state.tx.us,Tawangsari,Browsebug,68273870.23,Richie,Brooksbie,2002,11/22/2021
mclear9g@who.int,Minneapolis,Meevee,41412579.78,Mathew,Clear,1985,12/22/2023
jbryer9h@nps.gov,Sibinal,Meevee,19658718.41,Jenine,Bryer,1934,12/29/2021
ggiffin9i@artisteer.com,Cabadiangan,Yakijo,70319726.87,Guinevere,Giffin,2043,10/15/2021
earis9j@dell.com,Boden,Meembee,29033596.32,Emerson,Aris,2049,5/5/2022
nmcgrath9k@go.com,Binguang,Jaxnation,21685952.59,Neil,McGrath,2006,10/15/2023
bcockney9l@issuu.com,Los Santos,Digitube,51069838.15,Bordy,Cockney,1938,12/27/2020
hneeves9m@globo.com,Nechanice,Trunyx,24575032.23,Harli,Neeves,1906,7/31/2020
kdegregario9n@amazon.co.jp,Bordeaux,Rhycero,21388293.08,Karrie,De Gregario,2004,2/21/2023
bkell9o@springer.com,El Refugio,Meejo,47415599.22,Bobette,Kell,1989,12/9/2022
xpickard9p@jiathis.com,Breia,Quinu,72522649.35,Xena,Pickard,2025,3/29/2021
bcoda9q@desdev.cn,San Sebastian,Eayo,15105573.82,Boot,Coda,2021,1/30/2021
jboltwood9r@ycombinator.com,Siaton,Mymm,70439232.51,Jilly,Boltwood,1928,7/29/2024
ftayloe9s@sina.com.cn,Tomé Açu,InnoZ,21569007.98,Fairlie,Tayloe,2015,1/8/2021
msive9t@aol.com,Minokamo,Plajo,2960951.42,Missie,Sive,2027,10/9/2022
rmourge9u@amazon.co.uk,Tiwi,Realcube,39659843.49,Rodi,Mourge,2014,10/5/2021
bwhyberd9v@buzzfeed.com,Jiandou,Bubbletube,99461757.52,Brandyn,Whyberd,1978,11/2/2022
jhousin9w@census.gov,Sibinal,Topicblab,80151341.10,Jannel,Housin,2042,7/23/2020
vrehme9x@aboutads.info,Hörby,Npath,45391841.68,Victor,Rehme,2050,10/5/2021
frailton9y@istockphoto.com,Gayabaru,Podcat,86417531.58,Ferdinand,Railton,2039,3/30/2025
dmillis9z@list-manage.com,Dois Córregos,Wikizz,34495472.78,Dode,Millis,1935,12/18/2021
ltoea0@buzzfeed.com,Selishche,Yotz,26341023.75,Luke,Toe,2016,10/4/2021
jrallsa1@yellowbook.com,Lanlongkou,Demizz,21422035.42,Jarret,Ralls,1958,8/1/2022
bcrabba2@illinois.edu,Lasehao,Meezzy,44082267.72,Brnaby,Crabb,1901,7/24/2021
vyabsleya3@dell.com,Balzers,Zooxo,45883945.70,Vonni,Yabsley,2010,6/23/2022
bstaiga4@ifeng.com,Xiaojing,Babbleopia,91567424.73,Barbey,Staig,2012,4/20/2024
mrimoura5@ca.gov,Mafa,Npath,75118968.96,Melony,Rimour,1918,10/4/2021
dsiegea6@epa.gov,Kagawasan,Jamia,91478968.70,Dominique,Siege,1964,4/17/2020
clauxmanna7@umich.edu,Tabinay,Oyoyo,70726390.91,Codie,Lauxmann,1906,12/21/2022
sphilippa8@csmonitor.com,Dobri Dol,Jaxbean,56191909.33,Sari,Philipp,2017,4/28/2022
aclemasa9@who.int,Dula’er Ewenke Minzu,Rhyloo,94206674.28,Arnold,Clemas,1972,7/30/2023
pcotterelaa@ehow.com,Grand Bank,Edgetag,80908208.50,Pryce,Cotterel,2020,4/21/2023
aperetab@ed.gov,Takeo,Divavu,2952676.46,Andrej,Peret,1955,5/2/2022
rdeverilleac@businessweek.com,Haghartsin,Edgeclub,80780592.67,Rhiamon,Deverille,1990,1/26/2025
ccauseyad@nih.gov,Jindou,Tambee,12156811.03,Costa,Causey,1922,10/22/2023
cblackmoorae@google.com.au,Sabirabad,Vidoo,44151766.03,Chad,Blackmoor,2013,2/24/2023
tgeldardaf@blogs.com,Chunjing,Trilia,78810682.02,Trent,Geldard,2037,3/9/2024
keardag@timesonline.co.uk,Noginsk-9,Brightbean,13356048.67,Klara,Eard,1943,9/12/2020
dbyasah@newsvine.com,Xingyi,Skinte,2025454.36,Diandra,Byas,1996,3/27/2024
blegassickai@state.gov,Betim,Ainyx,96164009.19,Broddy,Le Gassick,1996,3/20/2025
hfidoaj@who.int,Netvořice,Jazzy,87751100.06,Holly,Fido,1968,6/27/2021
egubbinsak@google.cn,Béja,Eabox,10390859.05,Elmer,Gubbins,2017,9/29/2022
qknudsenal@dailymotion.com,Klos,Blogpad,67389828.83,Quint,Knudsen,1981,5/12/2023
memslieam@cafepress.com,Agen,Skibox,46641065.99,Marisa,Emslie,1945,6/27/2020
ygarberan@un.org,Mercedes,Gigabox,18239143.60,Yovonnda,Garber,1918,12/7/2021
btankusao@paginegialle.it,Olofström,Buzzster,62254491.79,Brynne,Tankus,1912,7/26/2021
mhendrichap@sciencedaily.com,Fort Wayne,Tagfeed,69022978.55,Moore,Hendrich,1903,4/17/2020
hkezourecaq@mozilla.com,Soest,Quaxo,50804857.04,Hayley,Kezourec,1913,3/14/2020
pstreetonar@disqus.com,Shaydon,Fanoodle,96471079.51,Paulie,Streeton,1961,12/24/2023
cmccardas@over-blog.com,Pärnu,Photofeed,89648045.21,Christie,McCard,2032,6/29/2024
ddolesat@berkeley.edu,Mae Lan,Yoveo,17921834.09,Donni,Doles,1944,11/19/2022
dkelshawau@telegraph.co.uk,Hội An,Linkbuzz,54148111.16,Doro,Kelshaw,2015,9/17/2022
tfarrarav@behance.net,Levashi,Muxo,52982600.21,Titus,Farrar,1965,8/29/2021
sjanesaw@state.gov,Taiping,Skiba,59374191.57,Shirline,Janes,1915,1/30/2023
kkohterax@deviantart.com,Manokwari,Dablist,57122966.11,Karoly,Kohter,1933,7/25/2022
focridiganay@lulu.com,Wulan Hada,Linktype,44243994.37,Felipe,O'Cridigan,1914,5/19/2024
mjewkesaz@vimeo.com,Xazgat,Agimba,35421694.92,Margret,Jewkes,1921,8/10/2023
sodhamsb0@nps.gov,Arcos,Livetube,21764900.66,Sheri,Odhams,1918,6/28/2023
vheggmanb1@prlog.org,Buenavista,Meevee,53409982.92,Vlad,Heggman,1976,12/19/2024
dlethebridgeb2@networksolutions.com,Arcachon,Brightbean,90963840.93,Dulciana,Lethebridge,2043,5/22/2022
wburlesb3@typepad.com,Nsanje,Brainlounge,35941454.59,William,Burles,2001,6/10/2023
ttuttb4@nsw.gov.au,Shi’an,Rhybox,21207066.83,Tate,Tutt,2017,1/2/2021
okeatesb5@bigcartel.com,Saint-Denis,Skyndu,24724206.45,Orrin,Keates,1914,8/10/2022
jmcgebenayb6@reference.com,Santa Teresa,Innotype,17443370.18,Joby,McGebenay,1915,12/4/2024
lmcaleeseb7@ustream.tv,Ciduren,Avamm,64510296.50,Lorelei,McAleese,1988,6/13/2022
adrakersb8@weather.com,Mityana,Flipopia,34326666.34,Alfred,Drakers,2047,6/16/2023
nrussob9@simplemachines.org,Har-Us,Fadeo,8604586.85,Nannie,Russo,1963,9/16/2023
dromeoba@ihg.com,Beishan,Eayo,60279598.91,Dickie,Romeo,2006,1/18/2021
spilbeambb@census.gov,Koltushi,Skimia,29247175.22,Sheree,Pilbeam,1943,5/7/2021
ghabbonbc@multiply.com,Dūāb,Skippad,41291207.61,Gustie,Habbon,1997,11/16/2024
ydowseybd@canalblog.com,Árgos,Divavu,4222952.69,Yule,Dowsey,1947,10/2/2020
eowensbe@youku.com,Donglinxi,Gigabox,35364388.16,Evangeline,Owens,1917,3/3/2023
eliccardibf@nyu.edu,Kanungu,Eazzy,13104704.20,Estrellita,Liccardi,1946,4/4/2020
tjacombbg@istockphoto.com,Masma,Devpulse,45336901.42,Traci,Jacomb,1968,12/7/2023
ibeneditebh@infoseek.co.jp,Stanisław Górny,Rhyloo,18729188.02,Ingelbert,Benedite,2048,6/3/2020
gyansonbi@i2i.jp,Guernica,Devshare,98456812.01,Gabriello,Yanson,1902,12/28/2023
ssharpebj@blinklist.com,Pamiers,Mydo,39718662.49,Sherie,Sharpe,2006,2/13/2022
mtilbeybk@fema.gov,Gramaços,Wordpedia,25635901.86,Marybelle,Tilbey,1980,12/6/2024
dtollmachebl@smh.com.au,Lucapon,Jabberstorm,85810666.74,Dedra,Tollmache,1989,5/31/2022
cchassonbm@tinypic.com,Lacroix-Saint-Ouen,Podcat,12221765.01,Chic,Chasson,1913,12/30/2024
sspencerbn@zdnet.com,Changle,Trudeo,97395333.55,Skylar,Spencer,1906,1/31/2025
sforsardbo@free.fr,Itaparica,Photobug,16982025.59,Shelley,Forsard,1989,7/26/2024
smassowbp@cdc.gov,Sa Bot,Browsedrive,82870448.87,Sheff,Massow,1966,5/22/2022
drenardbq@whitehouse.gov,Penebel,Yombu,99057917.98,Dillie,Renard,1979,4/4/2021
astallardbr@digg.com,Shuangxi,Dynabox,81281248.29,Avril,Stallard,1911,12/7/2023
jfinneranbs@purevolume.com,Forbach,Brainlounge,7774518.32,Joshua,Finneran,2015,11/5/2024
eshentonbt@cbslocal.com,Lijiang,Feedbug,28846543.65,Enriqueta,Shenton,2036,6/28/2020
lstanderingbu@photobucket.com,Geita,Snaptags,27978540.97,Laureen,Standering,1926,5/6/2021
pbreembv@issuu.com,Kanḏay,Quaxo,69402028.88,Polly,Breem,2050,5/29/2021
wclaypolebw@blinklist.com,Xinning,Gabtune,23850926.24,Wolfy,Claypole,1911,1/6/2024
sdollbx@patch.com,Knoxville,Dabfeed,95247509.18,Selie,Doll,2016,12/13/2024
gbridgwaterby@ifeng.com,Skýros,Yata,25939950.92,Grantham,Bridgwater,1990,3/13/2022
pmarchambz@icio.us,Sulaco,Tazz,80116021.66,Pip,Marcham,1984,5/5/2023
acardnellc0@free.fr,Randfontein,Wikizz,70127987.94,Aeriel,Cardnell,1950,10/17/2020
jcoveyc1@hostgator.com,Kyrylivka,Ailane,62362392.51,Jeanelle,Covey,2022,12/8/2022
hfleischmannc2@sourceforge.net,Lyambir’,Voonte,43618840.78,Helli,Fleischmann,2031,5/18/2023
orumfordc3@godaddy.com,Qiucun,Photofeed,43960030.34,Ofella,Rumford,1924,10/17/2023
qrailtonc4@biblegateway.com,Novocherkassk,Minyx,41870277.44,Quillan,Railton,1979,10/1/2024
lpetruskevichc5@craigslist.org,Mikulášovice,Voomm,85478835.03,Lib,Petruskevich,1946,10/16/2023
ahenfrec6@hugedomains.com,Gromadka,Ooba,27610667.77,Angela,Henfre,2004,5/25/2021
dgettensc7@w3.org,Marston,Eazzy,62534489.08,Denyse,Gettens,1997,5/28/2022
kedmandsc8@wordpress.com,Juršinci,Skidoo,43078547.74,Kenn,Edmands,1966,7/16/2022
rproudleyc9@sphinn.com,Erdao,Kaymbo,70155381.53,Raychel,Proudley,2017,11/26/2022
pstiggerca@theglobeandmail.com,Falun,Skalith,33150267.39,Perle,Stigger,1933,3/29/2025
ahastelowcb@ustream.tv,Liangshui,DabZ,50582221.93,Andrej,Hastelow,1935,12/8/2022
wbartalicc@amazon.com,Drumcondra,Realblab,71525476.56,Woodrow,Bartali,2006,1/31/2022
fnergercd@icio.us,Krugersdorp,Brightbean,54159929.50,Fidelia,Nerger,2017,7/12/2024
jgianottice@360.cn,Tobelo,Jabberstorm,15073023.78,Jefferson,Gianotti,1971,8/17/2021
tquantrellcf@oakley.com,Wangxian,Photospace,59864802.73,Trumaine,Quantrell,2004,12/23/2020
gsandarscg@de.vu,Kawanishi,Oozz,96300889.05,Gwenny,Sandars,1970,5/29/2022
mgoodhallch@digg.com,Kerrouchen,Layo,39392339.11,Mendie,Goodhall,1991,1/10/2025
okarpfenci@telegraph.co.uk,Hamburg,Feedbug,88958220.92,Osbourn,Karpfen,1920,1/24/2021
hochterlonycj@opera.com,Navegantes,Bluezoom,90069452.31,Hasheem,Ochterlony,1983,10/4/2023
rledekerck@discovery.com,Budapest,Skidoo,42019040.20,Rosemonde,Ledeker,1953,3/21/2025
djenceycl@discuz.net,Ell,Brightdog,31035009.72,Demetris,Jencey,1921,7/5/2020
gkamiyamacm@alibaba.com,Santiago,Ooba,27795170.09,Giuditta,Kamiyama,2016,11/28/2020
mmedlincn@twitter.com,Melbourne,Photofeed,82165904.50,Marabel,Medlin,1942,7/28/2020
tfewlassco@vistaprint.com,Pueblo Nuevo,Trupe,61051109.80,Tarrah,Fewlass,1989,9/26/2021
felcottcp@ucla.edu,Armash,Youspan,85724937.97,Flor,Elcott,1950,7/21/2023
gsponcq@hibu.com,Suwa,Topdrive,42723286.15,Gavan,Spon,1978,3/16/2020
rgavecr@feedburner.com,Juan L. Lacaze,Feedmix,96732081.82,Rickert,Gave,2038,8/24/2024
sdennerlycs@nationalgeographic.com,Karangarjo,Brightdog,81494935.44,Sherri,Dennerly,1982,5/2/2022
cellwoodct@xing.com,Kuala Lumpur,Abatz,69715639.82,Cacilia,Ellwood,1933,5/7/2020
aroselcu@lulu.com,Golek,Browsezoom,40229759.93,Ashlee,Rosel,1902,11/26/2023
ejohnscv@plala.or.jp,Shahrisabz Shahri,Voomm,87492084.86,Elaina,Johns,1919,1/31/2021
cfarreilcw@cyberchimps.com,Ōmiya,Zoovu,7710513.00,Coralyn,Farreil,2026,3/1/2025
dbattrumcx@about.com,Danzao,BlogXS,18858836.93,Dalston,Battrum,2043,3/29/2022
btorncy@alexa.com,Wangcun,Quatz,57394153.63,Burty,Torn,2023,9/10/2021
rrudgerdcz@rambler.ru,Vale de Figueira,Brainverse,48528161.13,Raimund,Rudgerd,1953,8/31/2022
mfateleyd0@discuz.net,Goascorán,Skyba,8414360.08,Miran,Fateley,1980,6/7/2021
ahemblingd1@sphinn.com,Kynopiástes,Wikivu,88737090.31,Amata,Hembling,1916,1/22/2025
gkhilkovd2@google.nl,Changsha,Zoonder,41194483.99,Geneva,Khilkov,2032,6/25/2021
kivied3@ucoz.com,Condado,Trilith,25014578.72,Kelly,Ivie,2024,6/13/2023
beeded4@reddit.com,Oslo,Photofeed,9474869.57,Blondy,Eede,1942,1/4/2022
astanawayd5@elegantthemes.com,Samangawah,Mynte,93206936.73,Adrien,Stanaway,1910,6/21/2024
lguttridged6@elpais.com,Mabuhay,Yoveo,38116992.85,Leda,Guttridge,1969,6/7/2024
kkighlyd7@scribd.com,Zhatay,Mynte,41981129.55,Karoly,Kighly,1971,1/8/2022
alittlediked8@nhs.uk,Floreşti,Oozz,65843704.64,Abigael,Littledike,1909,6/2/2020
atiremand9@imgur.com,Paris 10,Ozu,91898937.39,Averyl,Tireman,1916,2/11/2021
ebuckhurstda@fema.gov,Shuangjie,Thoughtsphere,93620273.50,Eugenie,Buckhurst,1979,6/11/2022
mgarraddb@newsvine.com,Burla,Pixoboo,76917074.48,Margareta,Garrad,1952,9/30/2024
chavelinedc@edublogs.org,Panitian,Topicstorm,12208645.93,Casandra,Haveline,2004,7/13/2023
tcloutedd@simplemachines.org,Santa Cruz,Shuffledrive,45527166.61,Toddy,Cloute,1972,5/24/2023
cknowldende@seesaa.net,Serra da Silveira,Omba,69635901.86,Collie,Knowlden,1931,8/15/2021
blanningdf@github.com,Padang,Voolia,56544496.92,Bobbee,Lanning,1950,7/23/2024
othibodeauxdg@twitpic.com,Yangi-Nishon Shahri,Kazu,72787820.26,Oliy,Thibodeaux,1950,4/16/2021
stregiddodh@intel.com,Dabou,Jaloo,28207708.70,Sarita,Tregiddo,1919,7/11/2021
cvlasyukdi@sphinn.com,Viña del Mar,Rhybox,19291215.30,Chrystal,Vlasyuk,1974,12/1/2021
jfairecloughdj@a8.net,Pechenizhyn,Geba,66412656.65,Juditha,Faireclough,1917,8/18/2023
abumforddk@state.tx.us,Banjar Baleagung,Kanoodle,1796549.81,Averell,Bumford,1941,9/15/2024
agiraudeldl@cbslocal.com,Stockholm,Talane,89769837.77,Alonzo,Giraudel,1918,11/25/2023
bmaciunasdm@soup.io,Guozhai,Skipfire,57292896.85,Brnaba,Maciunas,1939,3/18/2025
aransomdn@weibo.com,Ambatondrazaka,Roombo,72882253.61,Ariel,Ransom,2000,6/20/2024
sgallandredo@bravesites.com,Náklo,Katz,4779142.55,Sinclare,Gallandre,1989,11/1/2022
jbuftondp@bizjournals.com,Sumurgeneng,Browsecat,4365418.79,Julio,Bufton,1949,4/14/2023
mpogosiandq@ebay.co.uk,Arrap’i,Youopia,20284012.79,Morly,Pogosian,1942,1/13/2022
dhowlanddr@cdbaby.com,Oelaba,Youtags,68525247.95,Dominique,Howland,1992,2/12/2023
lcuardallds@google.co.jp,Uyen Hung,Twimm,95114241.73,Leelah,Cuardall,2039,4/29/2021
amatanindt@webs.com,Caucasia,Gabvine,66925603.92,Alric,Matanin,2032,1/3/2025
nlegrovedu@auda.org.au,Pliska,Dynazzy,16714402.28,Nils,Le Grove,2044,12/29/2021
mgoridv@macromedia.com,Linjiang,Jamia,95662262.01,Marje,Gori,1969,2/18/2024
fwalklatedw@nbcnews.com,Andradas,Meevee,28949719.71,Faydra,Walklate,1902,7/8/2022
telisdx@dailymotion.com,Vredendal,Tagopia,56426111.55,Terence,Elis,2013,9/8/2024
rweltondy@salon.com,Uherské Hradiště,Meeveo,49220908.82,Randi,Welton,1942,1/8/2021
ikenlindz@paypal.com,Poste du Lac,Mybuzz,36440756.07,Irina,Kenlin,1997,5/14/2021
obotgere0@ox.ac.uk,Sobral da Abelheira,Leexo,84710638.58,Oby,Botger,1925,8/1/2022
crebichone1@psu.edu,Sanski Most,Buzzdog,55187387.97,Chet,Rebichon,1962,7/7/2024
erakestrawe2@archive.org,Machakos,Skiptube,16987967.90,Elyse,Rakestraw,2027,1/5/2024
smapstonee3@google.es,Ping’an,Skyble,65235388.99,Samuele,Mapstone,1928,8/22/2023
jaspitale4@edublogs.org,Labruge,Skinder,63038873.45,Julianne,Aspital,1911,1/4/2022
kwraye5@yahoo.com,Soledade,Tagcat,17354150.20,Kerwinn,Wray,1956,3/20/2025
hivaine6@technorati.com,Säffle,Zoovu,54144895.94,Halette,Ivain,1965,7/12/2022
rashwelle7@ft.com,Arwād,Thoughtstorm,25321725.22,Robbi,Ashwell,1991,4/13/2021
rgrollee8@nih.gov,Sumberjati,Edgewire,74567118.60,Reba,Grolle,1923,5/13/2020
eboardmane9@msn.com,Brakas,Voonder,23073136.14,Elisabet,Boardman,1959,12/25/2024
awaliszewskiea@amazon.de,Hartford,Photofeed,3409714.98,Alfy,Waliszewski,2020,9/23/2022
pjoneeb@si.edu,Fuerte,Tagfeed,73249279.21,Penny,Jone,2037,10/16/2024
jtallachec@multiply.com,Santo Domingo,Voolia,11678418.41,Judi,Tallach,2026,2/29/2024
ldjokoviced@army.mil,Bayanbaraat,Thoughtmix,60571854.17,Lane,Djokovic,2038,9/22/2022
ddunabieee@kickstarter.com,Alqueva,Vidoo,6174870.84,Dora,Dunabie,2019,7/27/2021
pbartolomuccief@nytimes.com,Bohai,Yombu,64945535.02,Patty,Bartolomucci,1969,2/2/2021
jduddleeg@techcrunch.com,Tentúgal,Youtags,93546011.44,Jillian,Duddle,1999,7/12/2021
dhartrighteh@arizona.edu,Paniqui,Quimm,10745163.55,Danit,Hartright,2027,10/8/2021
sschooleyei@smugmug.com,Tulsa,Dabvine,45011855.47,Sidney,Schooley,2007,7/12/2023
kvatcherej@admin.ch,Kalpáki,Topicstorm,41194055.55,Kiel,Vatcher,1967,11/7/2023
rmcfaddenek@hubpages.com,Gouping,Chatterbridge,69123419.66,Roy,McFadden,1945,6/20/2022
gwinkellel@chronoengine.com,Phichit,Yotz,82330420.96,Gawain,Winkell,1936,10/10/2022
ibrandinoem@epa.gov,Vareš,Livetube,54612502.88,Irwin,Brandino,1940,8/28/2022
tmcinnesen@who.int,Raków,Tambee,93142736.25,Thekla,McInnes,2010,3/31/2020
tbrislawneo@blogtalkradio.com,Yangiqo‘rg‘on,Youopia,44973743.15,Toiboid,Brislawn,2041,5/19/2020
dessamep@economist.com,Aného,Quinu,78879798.06,Desdemona,Essam,2022,8/8/2022
mboncoreeq@comsenz.com,Pangalangan,JumpXS,82969813.30,Mortie,Boncore,1981,10/8/2023
rpollarder@google.co.uk,Västerås,Eabox,13177947.35,Reamonn,Pollard,2018,1/25/2024
adesouzaes@devhub.com,Barra do Bugres,Jabbersphere,83748108.27,Anette,De Souza,1979,5/6/2022
epolket@360.cn,Rízoma,Wordify,41062382.77,Elvera,Polk,2014,2/29/2024
tchasmooreu@kickstarter.com,Kashmor,Twinte,10428819.37,Trista,Chasmoor,2013,10/24/2022
gruckev@mashable.com,Kutampi,Voolith,86589920.27,Gwenneth,Ruck,1919,12/6/2021
sreithew@uiuc.edu,Gataivai,Aivee,72845825.99,Sloan,Reith,1918,3/17/2023
acaenex@flavors.me,El Aguilar,Meezzy,14606809.90,Astra,Caen,1936,5/9/2024
gmackonochieey@go.com,Sagaing,Buzzdog,96073524.90,Gay,MacKonochie,2016,3/27/2020
lterbrugez@ustream.tv,Sidu,Wordpedia,63075899.53,Loralie,Terbrug,1953,10/24/2024
nsharplef0@4shared.com,Armash,Wordpedia,80314135.69,Nicholas,Sharple,1904,12/27/2023
jjackmanf1@com.com,Portmore,Jatri,18466702.98,Jenica,Jackman,2003,5/26/2024
obirneyf2@homestead.com,Agago,Kanoodle,34573389.24,Orran,Birney,2013,1/26/2021
boxborrowf3@bbb.org,El Arañado,Kazu,45352950.42,Butch,Oxborrow,1996,5/23/2021
jancellf4@yahoo.com,Burgas,Yakijo,26293239.06,Jacintha,Ancell,1954,12/5/2020
opundf5@e-recht24.de,Chilmāri,Rhynoodle,52796880.88,Orbadiah,Pund,1924,2/28/2023
hcarcasf6@themeforest.net,Örebro,Devshare,21446528.00,Hagen,Carcas,1912,12/3/2023
smeddf7@sfgate.com,Ruse,Lajo,26660296.30,Sheba,Medd,1941,10/18/2024
zpygottf8@lulu.com,Skellefteå,Buzzdog,50733655.69,Zane,Pygott,2013,11/8/2021
esiddenf9@seattletimes.com,Wilkes Barre,Trilia,10260087.89,Ernst,Sidden,2015,9/9/2024
evickarsfa@sohu.com,Xiayang,Meetz,92454683.48,Engracia,Vickars,1926,2/17/2024
wbeevisfb@si.edu,São Gotardo,Skajo,79385359.33,Witty,Beevis,1970,10/7/2024
rbattabeefc@paypal.com,Twardawa,Digitube,76516568.96,Rudolfo,Battabee,2033,3/22/2025
jstewartsonfd@barnesandnoble.com,Wŏnsan,Trudoo,44105046.62,Johnny,Stewartson,2021,9/22/2020
dfavellfe@wired.com,Kulykiv,Tagfeed,93618827.79,Dione,Favell,1946,8/18/2022
ldonglesff@independent.co.uk,Campoverde,Demizz,91155739.89,Lisette,Dongles,1943,4/17/2021
bflanneryfg@earthlink.net,Duqu,Linktype,34674464.62,Brenn,Flannery,2042,4/21/2023
srisdallfh@last.fm,Zhongmen,Blogspan,97041962.04,Sela,Risdall,1926,10/26/2023
sdulintyfi@theglobeandmail.com,Antabamba,Omba,18044733.02,Samaria,Dulinty,1986,1/3/2025
emcguckenfj@google.com.br,Dostoyevka,Voomm,90336774.95,Esma,McGucken,2028,6/23/2021
jveitchfk@hugedomains.com,Rameshki,Browsedrive,25354421.93,Jacinthe,Veitch,1976,11/14/2022
atregentfl@timesonline.co.uk,‘Akko,Linktype,1441102.06,Amy,Tregent,2018,6/8/2022
xkellarfm@geocities.com,Lidköping,Vipe,83940073.24,Xylina,Kellar,1958,6/20/2024
rlackemannfn@mail.ru,Ikryanoye,Bubbletube,29877417.15,Roma,Lackemann,2044,10/24/2024
emcjuryfo@ezinearticles.com,Radzanów,Eimbee,79623124.60,Ezmeralda,McJury,1997,9/25/2024
uantrobusfp@sciencedaily.com,Wuhe Chengguanzhen,Quaxo,87010305.66,Ursuline,Antrobus,2022,8/23/2020
hmaydwayfq@shop-pro.jp,Mindupok,Tagchat,66532692.58,Helene,Maydway,2042,3/23/2021
cevangelinosfr@tinyurl.com,Sidaohezi,Kimia,79818833.72,Carlos,Evangelinos,2015,11/24/2022
jnairefs@icq.com,Goodlands,Browsecat,67315298.06,Jaime,Naire,1958,8/16/2023
lnergerft@google.es,Tucson,Meevee,12793150.55,Lorita,Nerger,1982,12/5/2022
mscatchardfu@geocities.jp,Schieren,Rhynyx,34607827.88,Maggy,Scatchard,2039,2/19/2021
cgullickfv@odnoklassniki.ru,Örebro,Zoozzy,56956589.37,Candy,Gullick,1972,11/2/2020
hlilburnfw@vk.com,Kirs,Flashpoint,48676504.50,Harriet,Lilburn,2005,4/24/2023
fteckfx@mozilla.com,Bzenec,Voomm,35881035.06,Faustine,Teck,1954,5/12/2021
hhenricfy@dropbox.com,Berkovitsa,Topicstorm,70707710.65,Hunter,Henric,1997,2/6/2025
xthysfz@google.cn,Itatinga,Mynte,35872456.64,Xenos,Thys,1989,1/23/2021
aganniclifftg0@edublogs.org,Xinxing,Mybuzz,98981198.99,Adelheid,Ganniclifft,1916,1/6/2023
hdegoeyg1@1688.com,Aksarka,Blogspan,12036708.72,Harlene,Degoey,1973,11/23/2023
oboning2@gnu.org,Dzerzhinsk,Photobean,65755630.36,Ora,Bonin,1963,7/31/2022
tbatstoneg3@icq.com,Seboruco,Topicblab,10332160.42,Torey,Batstone,2041,7/27/2022
ohaythornthwaiteg4@sogou.com,Guling,Rhyloo,56446497.92,Oren,Haythornthwaite,1994,6/9/2023
llendremg5@goodreads.com,Songying,Meeveo,90535615.74,Lucia,Lendrem,1953,3/7/2025
mdronsfieldg6@sourceforge.net,Beiyang,Trunyx,50668560.44,Mareah,Dronsfield,2043,3/9/2024
criccardg7@mlb.com,Nové Strašecí,Jaxspan,48678123.98,Carmelia,Riccard,1922,9/21/2024
mpaurg8@slate.com,Sotomayor,Wikivu,18670335.27,Marius,Paur,1990,4/28/2020
cfowlsg9@miibeian.gov.cn,Chenfang,Kwinu,80409005.56,Cyrill,Fowls,2022,3/23/2020
ewythega@army.mil,Danjiangkou,Voonyx,51901756.10,Earle,Wythe,1918,9/9/2023
ddraceygb@nature.com,Bahía Honda,Miboo,5093451.08,Deny,Dracey,1981,12/8/2023
mfaradaygc@psu.edu,Oni,Realbuzz,18288227.95,Marylinda,Faraday,1978,11/19/2021
bduffingd@bbb.org,Xinshidu,Gigazoom,23670208.03,Birgit,Duffin,2001,1/3/2024
odallistonge@bloglovin.com,Budapest,Demivee,85496630.36,Orland,Dalliston,1954,12/16/2021
rupshallgf@cpanel.net,Villa Dolores,Tavu,33591635.90,Rochette,Upshall,1947,3/21/2023
cechaliergg@skype.com,Bambang,Yabox,21956034.40,Coralyn,Echalier,1947,3/12/2024
sfarmergh@ocn.ne.jp,Shuishiying,Tavu,20553288.52,Skylar,Farmer,2016,6/1/2020
lrhymergi@indiatimes.com,Nanfeng,Voomm,47598666.22,Lester,Rhymer,2011,12/14/2021
ejoregj@seattletimes.com,Los Angeles,Realbuzz,12512415.56,Elberta,Jore,1923,11/28/2022
lcheinegk@wiley.com,Beruniy,Wikido,12085487.68,Leontine,Cheine,1908,8/1/2024
bmeffingl@smh.com.au,Nowe,Avavee,82497599.06,Benedict,Meffin,1958,1/7/2025
mtettleygm@narod.ru,Bruxelles,Vipe,84514155.08,Margaretta,Tettley,2021,1/14/2024
kvinaugn@pagesperso-orange.fr,Lautaro,Einti,36611575.79,Karlee,Vinau,1974,9/24/2020
nelstergo@php.net,Zhaotong,Kanoodle,24165157.70,Nellie,Elster,1999,7/25/2023
wpoffgp@scientificamerican.com,Odintsovo,Meedoo,67043572.21,Whitaker,Poff,1907,3/19/2023
halamgq@cam.ac.uk,Juanshui,BlogXS,89062112.71,Hi,Alam,1953,6/16/2020
fsemoningr@pagesperso-orange.fr,Kiruru,Avavee,48003353.99,Finlay,Semonin,1968,4/11/2020
kjannequings@yellowpages.com,Bonneuil-sur-Marne,Vinder,35132001.45,Katya,Jannequin,1995,6/1/2023
rdepaepegt@blogs.com,Ishikawa,Fatz,21884434.16,Raviv,De Paepe,1920,11/16/2020
ddeclairmontgu@jimdo.com,Kafr Thulth,Wikizz,34040749.28,Deirdre,De Clairmont,2022,10/27/2023
jolivellogv@tuttocitta.it,Jefferson City,Buzzster,18299030.86,Johnnie,Olivello,2003,8/10/2024
pleilegw@amazonaws.com,Novoye Leushino,Flipstorm,32339903.13,Pooh,Leile,1967,7/24/2021
ndaubygx@hostgator.com,Horad Krychaw,Bubblemix,51779549.67,Nada,Dauby,1929,6/22/2022
tpauleitgy@163.com,Kuwayris Sharqī,Aibox,58226375.44,Thedrick,Pauleit,2048,11/27/2022
kyeomangz@trellian.com,Jinze,Dynava,54457763.69,Kamilah,Yeoman,1903,3/15/2020
abushellh0@pagesperso-orange.fr,Auch,Dabjam,91259534.50,Aggy,Bushell,1943,9/29/2023
damberh1@paypal.com,Yuanjue,Twitterworks,4834072.17,Decca,Amber,1946,8/5/2022
testevezh2@virginia.edu,Assiniboia,Yakitri,62996518.92,Ty,Estevez,2044,12/23/2021
tdarcyh3@hostgator.com,Vrakháti,Tagpad,49578724.25,Tyrus,Darcy,2031,2/14/2023
umonktonh4@biglobe.ne.jp,Mempawah,Aibox,24188840.56,Uri,Monkton,1951,7/4/2024
jtichelaarh5@stanford.edu,Banjar Laing,Thoughtsphere,65917427.31,Jaquenetta,Tichelaar,2032,6/28/2022
tlinnardh6@spiegel.de,Ladozhskaya,Jetpulse,21915818.01,Ted,Linnard,2050,9/8/2021
tbilslandh7@google.pl,Ta Khmau,Plambee,18935927.70,Thain,Bilsland,2026,7/5/2024
aetockh8@unesco.org,Gaxung,Zoozzy,63415353.33,Amandy,Etock,1951,8/5/2020
smaxwellh9@diigo.com,Huxi,Lajo,18154402.23,Sharla,Maxwell,1996,4/13/2021
mfrankemaha@parallels.com,Penelas,Jabbersphere,8256633.13,Mair,Frankema,2015,11/26/2022
nstudarthb@merriam-webster.com,Chengdu,Tazzy,82240868.85,Nedda,Studart,1978,3/28/2025
bshaylorhc@instagram.com,Xilian,Mybuzz,47026351.49,Bryce,Shaylor,1954,3/13/2022
sheatherhd@tiny.cc,Milano,Meevee,20930501.42,Simone,Heather,1927,8/22/2020
mdunlophe@dropbox.com,Tumaco,Rhynoodle,6171483.64,Michal,Dunlop,1974,3/20/2024
bspatahf@discovery.com,Souto,Mybuzz,84118145.64,Barny,Spata,1902,9/13/2023
mmcconachiehg@1688.com,Cacaopera,Oyope,59579038.66,Marje,McConachie,1924,6/26/2020
cscudderhh@blogger.com,Seremban,Avavee,88825049.09,Clint,Scudder,1991,12/21/2022
rfrostickhi@oracle.com,Bachowice,Muxo,31535974.90,Rickie,Frostick,1965,9/29/2021
cshingleshj@businessweek.com,Huxu,Yodoo,26076170.32,Cindee,Shingles,1997,2/25/2024
mcoldbathhk@barnesandnoble.com,Uijeongbu-si,Wikivu,5637694.71,Maryl,Coldbath,1985,8/16/2021
adunstallhl@arizona.edu,Boyeros,Feedfire,61632918.76,Allyce,Dunstall,2041,3/29/2022
sgooderhm@google.com.au,Luodian,Chatterpoint,40810005.93,Sanderson,Gooder,2010,11/16/2023
cgreendalehn@opera.com,Velventós,Fanoodle,35533625.41,Conney,Greendale,1982,6/9/2022
klabelho@parallels.com,Nginokrajan,Camido,43280398.58,Kathy,Label,1970,4/6/2023
bpontehp@rakuten.co.jp,Longonjo,Youspan,42219092.78,Bink,Ponte,1993,3/22/2021
smccurryhq@msu.edu,Dori,Gevee,24360768.10,Salomon,McCurry,1979,6/10/2020
mboswellhr@spotify.com,Brnaze,Thoughtmix,20802499.36,Max,Boswell,1982,4/30/2024
bsteadehs@nsw.gov.au,Lübeck,Jabberbean,86123048.13,Beatrisa,Steade,1935,8/13/2022
klabbeht@unesco.org,Kopychyntsi,Miboo,79015641.67,Klaus,Labbe,2043,10/8/2023
gfranzottohu@toplist.cz,Butterworth,Mudo,35952626.98,Grayce,Franzotto,1959,4/20/2022
ltickelhv@cnet.com,Baiyang,Skibox,86519667.18,Lamond,Tickel,2035,2/16/2021
scristoferihw@unc.edu,Stony Plain,Meeveo,39964295.32,Sophi,Cristoferi,1977,12/11/2024
hwishamhx@cdbaby.com,Huolongping,Realcube,56008308.60,Harry,Wisham,1952,6/14/2021
vstocklehy@people.com.cn,Wielichowo,Quinu,64913347.15,Vito,Stockle,1941,11/26/2022
astrathdeehz@purevolume.com,Al Bīrah,Fadeo,15071546.77,Augustin,Strathdee,1920,9/8/2021
hbartoccii0@biblegateway.com,Shangyu,Realblab,95656390.75,Hashim,Bartocci,2044,9/26/2020
mmunceri1@issuu.com,Phu Khiao,Innojam,53834503.20,Min,Muncer,1956,8/4/2020
gyuryshevi2@hubpages.com,Khoa,Feednation,87802722.48,Garner,Yuryshev,1963,7/25/2022
dpitmani3@desdev.cn,Karpacz,Topiczoom,54776932.91,Dyanne,Pitman,2027,10/4/2021
sfontaneti4@com.com,Ifo,Voonix,84764364.68,Sheffy,Fontanet,1903,12/29/2023
dgellingi5@amazon.co.jp,Mangai,Dabshots,15030488.96,Donia,Gelling,2013,9/1/2024
gbrindleyi6@creativecommons.org,Saint-Jean-de-Luz,Kazu,61423788.89,Gale,Brindley,2029,1/9/2023
oparffreyi7@slideshare.net,Draginje,Fivechat,59103998.23,Orson,Parffrey,1958,8/27/2020
gkneali8@rambler.ru,Koímisi,Yodo,73822408.46,Guenna,Kneal,2015,3/1/2022
cdedomenicisi9@bbc.co.uk,Shigongqiao,Tazz,85470807.26,Crichton,De Domenicis,1909,1/19/2021
jradbondia@sohu.com,Barra do Corda,Browsezoom,49747464.37,Joseito,Radbond,1990,6/25/2021
rvivienib@imdb.com,Huangsha,Teklist,20176447.20,Randene,Vivien,1991,1/21/2022
aklishinic@skype.com,Pathum Thani,Camimbo,87304430.44,April,Klishin,2011,1/2/2022
bpatienceid@adobe.com,Rakičan,Kanoodle,85389122.32,Binky,Patience,1907,11/29/2022
sschadeie@t.co,Gatbo,Rhynyx,43498386.47,Stavro,Schade,2012,4/21/2023
tbranchflowerif@so-net.ne.jp,La Poma,Geba,23354191.71,Talbot,Branchflower,2034,4/7/2021
wsantoraig@narod.ru,Elimäki,Blogspan,60486572.20,Wildon,Santora,2027,2/21/2025
bschoutih@spotify.com,San Isidro,Fivebridge,20930548.09,Bebe,Schout,1951,1/2/2023
tscantleberryii@cnn.com,Surin,Wordpedia,31015463.45,Tabitha,Scantleberry,1939,4/20/2023
epottleij@cyberchimps.com,Ash Shawātī,Rooxo,27517682.76,Emera,Pottle,2024,1/9/2023
nbedberryik@webnode.com,‘Anat al Qadīmah,Shuffletag,75909491.02,Nicolette,Bedberry,1990,12/30/2024
gchildersil@nsw.gov.au,Banisilan,Pixonyx,38491253.44,Gabrila,Childers,1904,3/25/2020
bdimentim@smh.com.au,Eusebio Ayala,Ntag,96850109.08,Brita,Diment,2004,1/31/2023
gharrimanin@examiner.com,El Soberbio,Agivu,60551375.25,Gretchen,Harriman,2031,12/10/2021
rduxfieldio@cbslocal.com,Xinzheng,Jatri,20421565.27,Rabbi,Duxfield,2014,5/9/2024
gfurmongerip@baidu.com,Dongchen,Twinte,13593197.05,Goober,Furmonger,1953,12/3/2020
mratchfordiq@uol.com.br,Tarub,Thoughtbeat,6192653.95,Maurita,Ratchford,1909,4/20/2021
rshaughnessyir@github.com,Derjan,Jabbercube,49781684.65,Rutledge,Shaughnessy,2049,1/24/2021
ajerransis@mozilla.com,Kotadukuh,Gevee,93239133.98,Aprilette,Jerrans,1903,10/6/2021
bpomphreyit@house.gov,Sungaiduri,Linkbuzz,38146140.04,Burlie,Pomphrey,1939,12/27/2020
bleydoniu@zimbio.com,Retreat,Wordware,93503414.31,Batholomew,Leydon,1954,11/8/2021
oredwingiv@biglobe.ne.jp,Mengmeng,Camimbo,7660632.19,Osmund,Redwing,2012,11/12/2020
cshilladayiw@comcast.net,Lalukoen Dua,Rhynoodle,24575715.83,Chaddy,Shilladay,2016,4/26/2024
anatwickix@who.int,Cantagallo,Realcube,81874159.94,Aeriell,Natwick,1954,3/11/2025
rbiskupiakiy@google.pl,Qidi,Photofeed,99785075.26,Rubi,Biskupiak,1951,2/14/2025
lchrstineiz@sakura.ne.jp,Kenarilang,Einti,19339297.34,Lindy,Chrstine,1929,7/12/2020
rikringillj0@gizmodo.com,Peñarrubia,Skaboo,98419011.75,Roda,Ikringill,1943,1/29/2023
lbeninij1@rakuten.co.jp,Hyesan-dong,Gigabox,40126344.35,Lissy,Benini,2041,3/19/2021
satkinsonj2@comcast.net,Kašina,Katz,66504323.55,Scarlet,Atkinson,1935,10/4/2022
gkralej3@cnn.com,Chelles,Livetube,36435921.68,Germaine,Krale,1954,4/18/2023
aguynemerj4@jugem.jp,Pokrovskoye-Streshnëvo,Zoomdog,14357574.53,Andeee,Guynemer,1978,4/5/2021
aallbrookj5@reddit.com,Ōyama,Nlounge,42471738.61,Archibald,Allbrook,2032,1/8/2022
cpeirsonj6@joomla.org,Anjirmuara,Rhyzio,79844835.15,Cesare,Peirson,1943,11/20/2021
cbrewardj7@whitehouse.gov,Malczyce,Kwimbee,36660587.78,Cassandre,Breward,1948,6/22/2020
ndrij8@fda.gov,Subotica,Skimia,65973871.42,Northrop,Dri,1947,12/6/2020
escowcroftj9@stanford.edu,Poitiers,Aibox,92976563.38,Elisabeth,Scowcroft,2036,7/24/2023
jodamja@trellian.com,Papër,Bubblebox,39089388.18,Josh,Odam,1922,12/1/2022
dlabeuiljb@archive.org,Huagai,Demivee,94918002.86,Donelle,Labeuil,1909,10/15/2020
cfurtadojc@webs.com,Mabilog,Zoomcast,18327822.47,Celia,Furtado,2022,6/7/2021
vsummerhayesjd@symantec.com,Blagodarnyy,Camimbo,20124449.71,Vikky,Summerhayes,1986,12/6/2021
kripperje@ed.gov,Hufang,Livepath,66140068.02,Kiele,Ripper,2036,10/1/2020
charfleetjf@jiathis.com,Budapest,Feednation,89462622.37,Chastity,Harfleet,1951,1/8/2023
sramblejg@xing.com,Soeng Sang,Wordify,75749094.71,Suzann,Ramble,1966,5/11/2020
jdudlestonjh@oracle.com,Grzęska,Skyvu,85136194.25,Jefferey,Dudleston,1953,3/8/2020
mcavillji@techcrunch.com,Fuyong,Devpoint,76630739.45,Marilee,Cavill,2040,10/24/2024
raustickjj@bing.com,Ust’-Kachka,Vinder,51483055.95,Rosaline,Austick,2029,7/21/2023
fcasacciajk@cnbc.com,Corona,Babbleset,86611734.01,Frederik,Casaccia,1972,9/6/2020
adachjl@yellowbook.com,Carhué,Babbleset,19319357.55,Anallise,Dach,1957,5/9/2021
lpensonjm@vinaora.com,Idvor,Gabtune,15739644.86,Lorrin,Penson,1998,6/23/2020
tpfaffeljn@archive.org,Bofuer,Divavu,37221098.45,Tracee,Pfaffel,2044,1/28/2021
jstripplingjo@moonfruit.com,Cherven Bryag,Babbleblab,1739731.94,Jerrylee,Strippling,1965,4/29/2024
ckraussjp@jiathis.com,Wakiso,Feedspan,7483438.17,Corrinne,Krauss,2016,6/21/2023
mitzigjq@merriam-webster.com,Shilong,Topicblab,48176771.88,Marlane,Itzig,2009,3/2/2023
atwinbornejr@gmpg.org,Cinyumput,Twitterbeat,26529420.40,Albert,Twinborne,2005,12/27/2022
khullandjs@netlog.com,Berlin,Fatz,75329244.74,Karlie,Hulland,1981,7/6/2023
cbownejt@oaic.gov.au,Ypacarai,Tagcat,27939492.44,Claudine,Bowne,2027,2/8/2024
oapsju@list-manage.com,San Enrique,Buzzbean,72014879.30,Ophelia,Aps,1918,2/2/2024
bshillsjv@businessweek.com,Fedorovka,Topicshots,97922111.32,Bondie,Shills,1959,1/26/2024
wcarlinjw@seattletimes.com,Gbadolite,Jamia,66811078.36,Warner,Carlin,1953,3/30/2020
wofinanjx@theglobeandmail.com,Skinnskatteberg,Tagfeed,33539751.34,Walliw,O'Finan,2006,5/3/2022
athorneyworkjy@amazon.de,Radzanów,Twitterbridge,1988579.42,Amelia,Thorneywork,2041,4/26/2020
tsolanjz@vistaprint.com,Pokrovskoye,Tagcat,82237981.00,Terry,Solan,2044,8/7/2024
keustacek0@comsenz.com,Agualva de Cima,Rooxo,51175010.73,Kennett,Eustace,2006,4/13/2021
ktinkerk1@cyberchimps.com,Strumica,Fliptune,84457076.85,Koren,Tinker,1916,2/2/2023
dscholerk2@drupal.org,Šavnik,Oozz,36093230.78,Danyelle,Scholer,1912,9/28/2020
ccousink3@mayoclinic.com,Lianzhou,Yozio,14736186.48,Cesaro,Cousin,2038,8/30/2021
rbriscowk4@ow.ly,Pingfeng,Leenti,10095310.01,Renault,Briscow,1941,1/28/2021
rorrowk5@xrea.com,Debrecen,Thoughtmix,26816057.25,Rochette,Orrow,1901,3/20/2021
acolek6@psu.edu,Sa Kaeo,Yadel,64675345.11,Annnora,Cole,1948,1/4/2023
jandriessek7@wiley.com,Cournon-d'Auvergne,Vinte,59451213.03,Janene,Andriesse,2045,12/24/2023
amaddocksk8@google.co.uk,Nakhon Sawan,Zoovu,17703236.00,Andros,Maddocks,1983,9/28/2023
hdanielczykk9@linkedin.com,Xike,Flashpoint,39497158.24,Hurlee,Danielczyk,2003,8/24/2022
mparfittka@berkeley.edu,Lisków,Yamia,6126952.75,Mace,Parfitt,1904,7/26/2021
mwelbelovekb@altervista.org,Kitakata,Yakijo,88335976.77,Michal,Welbelove,2039,7/7/2021
lmartekc@ocn.ne.jp,Cavadas,Topicshots,45723483.18,Luce,Marte,2035,3/22/2024
mvandenboschkd@google.com,Nizhniy Lomov,Topiclounge,16249374.30,Marwin,Van den Bosch,1919,6/4/2023
mbiggke@t-online.de,Cibaregbeg Dua,Zooveo,22626018.58,Moises,Bigg,2042,9/26/2024
nsaketkf@miitbeian.gov.cn,Portão,Rhynyx,66161883.23,Nadiya,Saket,1998,9/12/2023
wmeenykg@bbc.co.uk,Mor Laok,Aibox,42433434.54,Weider,Meeny,1978,10/26/2020
dhaggartykh@techcrunch.com,Roshal’,Jaxworks,17305596.14,Denney,Haggarty,2004,12/27/2020
tvarfalameevki@chronoengine.com,Wushishi,Babbleblab,37482854.16,Tandie,Varfalameev,1970,2/1/2022
hdonisokj@godaddy.com,Sydney,Photobug,5574911.88,Hannis,Doniso,1995,9/19/2020
gyanezkk@dailymotion.com,Fkih Ben Salah,Feedspan,42281102.65,Gray,Yanez,2021,12/6/2020
dussherkl@addthis.com,Kasoa,Kayveo,37216703.23,Davida,Ussher,2011,2/18/2025
nclappisonkm@va.gov,Jinkou,Skalith,6326686.73,Nappie,Clappison,1963,10/8/2023
jmahareykn@redcross.org,Svenljunga,Photobug,57611225.14,Jethro,Maharey,1967,9/27/2022
dfrareyko@deliciousdays.com,Potolo,Devpulse,76915797.66,Davita,Frarey,2013,12/28/2024
mrutherfordkp@xing.com,Amnat Charoen,Zoomlounge,61255620.70,Mattias,Rutherford,1930,1/14/2025
bdowsekq@buzzfeed.com,Datan,Bubbletube,38640680.73,Barnie,Dowse,1981,11/21/2022
rkienleinkr@pinterest.com,Kansas City,Skidoo,76496109.32,Rahel,Kienlein,2034,2/21/2023
ewarnesks@github.io,Verkhniye Achaluki,Aivee,51638476.58,Elisha,Warnes,1918,4/25/2024
jgoningkt@delicious.com,Xuedian,Eimbee,88985314.06,Jeth,Goning,1982,8/21/2022
eprowseku@google.nl,Margasari,Innotype,95602686.24,Eadith,Prowse,1985,3/18/2023
epiburnkv@dmoz.org,Nguigmi,Vinte,13603308.06,Ewart,Piburn,1963,10/17/2024
vprimmerkw@flickr.com,Gandusari,Browsebug,50279436.59,Valida,Primmer,2028,6/4/2024
fnewartkx@intel.com,Yangsi,Blogtag,7863001.70,Ferdinand,Newart,1906,1/4/2022
wtrusteyky@ed.gov,Diaopu,Livefish,26416881.30,Wilt,Trustey,1930,6/3/2024
cdunbobinkz@intel.com,Jawand,Twimbo,29025227.37,Collin,Dunbobin,1999,10/14/2021
ehinerl0@tripod.com,Stockholm,Meeveo,67297027.01,Eolande,Hiner,2028,1/25/2023
gmegroffl1@wired.com,Tutnae,Myworks,52592444.42,Gilberte,Megroff,1962,3/9/2025
nmeliorl2@cnbc.com,Barbacena,Babbleopia,71780739.22,Nicol,Melior,2046,9/2/2024
amathisl3@china.com.cn,Synevyr,Kwimbee,59617436.64,Alexandre,Mathis,2024,9/20/2021
eantukl4@jigsy.com,La Celia,Skalith,36672505.99,Essie,Antuk,2037,1/6/2021
yduesberryl5@constantcontact.com,Sacramento,Edgeify,35066574.99,Yolane,Duesberry,1998,3/6/2022
hbonellel6@cmu.edu,Yangzi,Camido,27089423.11,Hallie,Bonelle,1946,11/26/2024
ableasl7@auda.org.au,Bieqiao,Jaloo,7132110.34,Adrian,Bleas,2015,3/6/2024
rgalliverl8@cpanel.net,Sävedalen,Babbleopia,37668426.97,Rora,Galliver,1971,8/24/2023
odechelettel9@weebly.com,Hoboksar,Aimbo,59564160.92,Obidiah,Dechelette,2016,6/18/2022
seaglestonela@symantec.com,Ndendé,Photofeed,4961929.97,Shauna,Eaglestone,2031,7/22/2023
kkerfordlb@princeton.edu,Krajan Dua Dawuan Wetan,Browsedrive,97007542.42,Kyle,Kerford,2019,1/13/2025
smccorleylc@ezinearticles.com,Gaopi,Topicware,94427548.71,Skipper,McCorley,1958,1/21/2021
lenriquezld@rambler.ru,Samamiya,Dabshots,97249672.54,Lolita,Enriquez,2033,2/24/2025
fkeoghanele@alibaba.com,Arnhem,Mycat,53542072.45,Flory,Keoghane,2037,7/24/2021
fcristofaninilf@com.com,Pujocucho,Latz,24020627.67,Fee,Cristofanini,2014,10/19/2020
ehickeringilllg@trellian.com,Peroguarda,Gigaclub,46015148.38,Emmery,Hickeringill,2041,10/29/2020
rshoresonlh@goo.gl,Fangshan,Innotype,39943786.21,Rosemaria,Shoreson,2039,11/6/2022
lpeponli@bbc.co.uk,Tekes,Yodoo,94825303.66,Latisha,Pepon,1911,6/13/2024
vdunkertonlj@cocolog-nifty.com,El Suyatal,Plambee,97227275.79,Valeda,Dunkerton,1951,4/8/2022
ejacomblk@flavors.me,Shalang,Tazzy,26479313.89,Elliot,Jacomb,1983,5/20/2024
tdishmanll@ehow.com,Boneng,Buzzdog,21688083.48,Thom,Dishman,2021,11/30/2024
csowthcotelm@tuttocitta.it,Vakhrushi,Yakidoo,14469445.61,Claudio,Sowthcote,1930,3/29/2025
jkehriln@hhs.gov,Traiguén,Brainverse,52480189.49,Jackelyn,Kehri,1965,5/10/2020
cllewelynlo@blogger.com,Kutampi,Jaloo,59028994.89,Carolin,Llewelyn,2043,7/9/2021
ciacominilp@cbsnews.com,Hachiōji,Blogtags,72330291.39,Cleo,Iacomini,2049,2/5/2025
rkevlinlq@mit.edu,Erbil,Snaptags,42162658.15,Ruthann,Kevlin,1993,8/1/2021
liglesialr@prnewswire.com,Skogås,Vipe,73401978.61,Lynnett,Iglesia,2012,4/17/2023
kmccallamls@digg.com,Guojiazhuang,Eimbee,53972397.27,Kirsti,McCallam,2040,9/6/2022
teasbylt@ihg.com,Lumbang,Innojam,76019871.82,Tyrus,Easby,1958,3/12/2022
gpakemanlu@delicious.com,Fengmu,Dablist,47566650.26,Gunther,Pakeman,1954,9/15/2023
cpabloslv@angelfire.com,Simbal,Skinix,54690187.13,Cilka,Pablos,2045,9/5/2023
eakredlw@foxnews.com,Versailles,Brainlounge,66793942.06,Erskine,Akred,1957,9/21/2023
jcalytonlx@weather.com,Temizhbekskaya,Demizz,24743468.66,Jelene,Calyton,1935,1/6/2023
cmcpheatly@walmart.com,Tambo,Viva,4136347.11,Candi,McPheat,1958,11/20/2021
nmackrelllz@issuu.com,Catbalogan,Teklist,81677195.50,Nealy,Mackrell,2040,10/9/2024
dbachsm0@soup.io,Lengkong,Zava,15167879.48,Dasya,Bachs,1995,11/16/2023
tstridem1@indiatimes.com,Brumado,Eabox,92361445.00,Tiena,Stride,1940,12/30/2023
ewillavizem2@slashdot.org,Taocheng,Yoveo,8941768.38,Ethan,Willavize,1990,6/24/2020
mkneathm3@aboutads.info,Banjar Dukuh,Demivee,40561071.64,Manny,Kneath,1986,11/2/2021
rcullrfordm4@zimbio.com,Tuateta,Photofeed,3273205.55,Reagen,Cullrford,1934,5/28/2023
eblydenm5@nsw.gov.au,Obita,Aivee,70118897.24,Eunice,Blyden,1924,6/20/2021
gedinburghm6@bigcartel.com,Corinto,Meevee,95686489.68,Gilbertina,Edinburgh,2018,11/27/2020
cduffellm7@eventbrite.com,Cerro Colorado,Minyx,12175576.21,Cathe,Duffell,1972,9/19/2020
cmegroffm8@amazon.co.uk,Miaoshou,Jetwire,30637662.52,Cathie,Megroff,1924,11/16/2020
jtimothym9@icio.us,Quintã,Photobug,47818897.73,Jarrod,Timothy,1982,5/8/2024
zbiggadykema@msn.com,Padasono,Realbuzz,96619302.98,Zane,Biggadyke,1958,6/8/2021
jgerishmb@ask.com,Sugito,Aimbo,11429586.99,Julie,Gerish,1943,6/26/2021
sriddochmc@spotify.com,Nahāvand,Topicstorm,93778941.36,Samara,Riddoch,1991,8/15/2024
gdumsdaymd@twitter.com,Barra do Piraí,Kare,31150950.96,Godfrey,Dumsday,2013,10/20/2020
mdezuanime@usnews.com,Borik,Quinu,52085720.72,Monika,De Zuani,1924,7/28/2020
etailbymf@economist.com,Lleida,Twimbo,32456757.02,Emmott,Tailby,2036,2/8/2021
edonahermg@bigcartel.com,Baykonyr,Thoughtstorm,96367608.92,Evin,Donaher,1947,10/13/2024
glinsaymh@wikipedia.org,Grootfontein,Wikizz,61813882.20,Gianni,Linsay,1914,1/3/2025
gshutemi@arstechnica.com,Nesovice,Fatz,51133153.71,Ginger,Shute,1986,2/17/2021
mbeckinsallmj@issuu.com,Yangzi Jianglu,Kamba,28300200.90,Marya,Beckinsall,2003,12/14/2020
bmidfordmk@berkeley.edu,Rosebank,Abatz,38905672.01,Bartel,Midford,2040,11/25/2021
eburganeml@privacy.gov.au,Brodósqui,Browseblab,39471497.29,Ennis,Burgane,1987,9/20/2023
llaurensonmm@amazon.de,Saint-Bruno,Skipfire,68824394.05,Lilith,Laurenson,1900,12/7/2023
bosheerinmn@google.co.uk,Tamorot,Plajo,95808886.06,Beatrix,O'Sheerin,2018,3/29/2020
bratiemo@ucoz.com,Rawaapu,Devify,65479417.54,Briant,Ratie,1997,4/28/2021
mcussmp@cnn.com,Silago,Demimbu,95584312.52,Marcile,Cuss,1904,8/23/2023
cpabelmq@flickr.com,Chelopech,Divavu,41554959.61,Cass,Pabel,2017,8/7/2021
kantoniatmr@tamu.edu,Moravský Písek,Tagfeed,87136358.12,Katinka,Antoniat,1960,12/25/2024
eedingtonms@google.cn,Ngawen,Edgeclub,6017689.17,Estevan,Edington,1974,7/5/2020
eschimonekmt@nyu.edu,Johogunung,Rhyloo,36697233.21,Elie,Schimonek,1970,6/20/2020
skahenmu@newsvine.com,Al Qurayn,Oyoba,38662774.86,Silvester,Kahen,1909,8/27/2023
alinnittmv@pcworld.com,Altona,Twimbo,96727879.22,Amil,Linnitt,2036,10/11/2024
lfedorskimw@wikispaces.com,Sámi,Wikido,54285087.01,Lara,Fedorski,2032,1/16/2023
lstentonmx@cloudflare.com,Morazán,Ailane,90235450.00,Lotte,Stenton,1944,11/11/2023
ashiermy@chron.com,Jianghai,Browsebug,19495208.46,Alon,Shier,1962,7/30/2020
tgurkomz@indiatimes.com,Istres,Camimbo,45319.80,Tabby,Gurko,1991,2/9/2021
dgratlandn0@artisteer.com,Baoquanshan,Mybuzz,82524261.41,Donelle,Gratland,1965,5/18/2022
epfeffeln1@va.gov,Krasnyy Oktyabr’,Tazz,7295217.18,Eulalie,Pfeffel,1964,4/16/2022
csimonettn2@vistaprint.com,Sassandra,Tazzy,13065625.45,Carey,Simonett,2047,3/28/2022
ubrantzenn3@taobao.com,Jieshui,Twitterworks,85643619.43,Ula,Brantzen,1917,11/28/2021
gdockertyn4@icq.com,Uyo,Gabspot,31706498.16,Gray,Dockerty,2015,9/25/2020
akondratenyan5@baidu.com,General Conesa,Edgepulse,47357367.19,Antonio,Kondratenya,2019,2/22/2022
dscardifieldn6@biglobe.ne.jp,České Meziříčí,Lazz,46201496.34,Damon,Scardifield,1909,2/17/2023
ataytn7@ocn.ne.jp,Philipsburg,InnoZ,43583389.98,Ardene,Tayt,1992,3/4/2023
geagleshamn8@delicious.com,Atlanta,Skyndu,10981422.39,Grenville,Eaglesham,1980,11/23/2021
gfolominn9@cnn.com,Sorong,Twitterbridge,57773295.63,Goraud,Folomin,1915,8/8/2020
hskarmanna@oakley.com,Město Libavá,Gigazoom,39512978.79,Hanni,Skarman,1929,5/28/2024
operullinb@xing.com,Dowan,Lajo,20006766.23,Ozzie,Perulli,1944,4/14/2021
mhousbeync@uiuc.edu,Xinye,Tambee,30134682.90,Meir,Housbey,2033,3/22/2023
bborzonind@china.com.cn,Čačinci,Jabberbean,43179337.39,Barnaby,Borzoni,2010,3/4/2023
acalamne@bloglovin.com,Quinta de Valadares,Jetpulse,3023648.56,Ava,Calam,1987,6/17/2023
dkauschenf@ihg.com,Olivia,Blogspan,3207865.94,Diane-marie,Kausche,1979,1/1/2025
bceresang@joomla.org,Destrnik,Yoveo,37232480.39,Bartlett,Ceresa,1907,9/6/2024
tdelacrouxnh@webs.com,Lipljan,Gigashots,10003400.03,Tierney,Delacroux,1913,8/3/2021
ktheuffni@amazon.com,Setanggor,Cogibox,47269627.03,Kennan,Theuff,1907,6/19/2022
kmaxfieldnj@uol.com.br,Bergen,Mymm,43091808.59,Kelley,Maxfield,1985,5/19/2022
cbellordnk@rediff.com,Pontian,Leenti,77890816.66,Correy,Bellord,2050,11/28/2020
nblightnl@topsy.com,Turi,Babbleblab,7618953.12,Nyssa,Blight,1945,1/6/2021
mmcgurnnm@jigsy.com,Petaling Jaya,InnoZ,55915912.75,Meade,McGurn,2049,12/21/2023
ceshmadenn@bigcartel.com,Yŏnan-ŭp,Mita,40046536.74,Corilla,Eshmade,2039,5/29/2024
khorlockno@nationalgeographic.com,Likupang,Thoughtbeat,37603821.34,Kendell,Horlock,1957,9/4/2023
fstannardnp@miibeian.gov.cn,Horodnya,Ntag,68442308.70,Faythe,Stannard,1940,11/17/2020
dpickavernq@unesco.org,Cà Mau,Dabtype,52459366.26,Deina,Pickaver,1921,7/6/2020
nscantleberrynr@yolasite.com,Xiaoyi,Vinder,59481351.54,Ned,Scantleberry,2017,7/8/2023
mhilaryns@wikia.com,Guararapes,Twitterbeat,60917475.63,Mary,Hilary,2018,9/16/2024
aberginnt@diigo.com,Boden,Realmix,44942478.68,Aubry,Bergin,1939,8/31/2024
brawsthornenu@prnewswire.com,Maramag,Roomm,42497496.43,Barton,Rawsthorne,1953,7/30/2024
lisleynv@nyu.edu,Langgen,Voonix,65206272.37,Lion,Isley,1910,12/20/2023
smattheusnw@nasa.gov,Pierreville,Gigazoom,18002010.29,Skippie,Mattheus,1907,6/16/2022
sansettnx@wunderground.com,Tasikona,Twinte,75723624.66,Steffen,Ansett,2010,3/13/2025
abendallny@craigslist.org,Bidbid,Browsedrive,24771569.60,Alvira,Bendall,1993,4/30/2021
ttulknz@google.com,Chengshan,Buzzdog,91209136.19,Thacher,Tulk,1925,6/4/2024
sshubothamo0@squidoo.com,Klyuchi,InnoZ,88294885.80,Stanislaus,Shubotham,1997,1/14/2025
mswano1@usatoday.com,Safed,Snaptags,26978968.75,Muffin,Swan,2048,2/14/2022
wharrissono2@craigslist.org,Namballe,Fanoodle,68740178.48,Willey,Harrisson,2021,1/22/2025
rebbingo3@acquirethisname.com,Imatra,Chatterpoint,70379030.10,Rebeca,Ebbing,2015,10/24/2023
bninehamo4@booking.com,Delta del Tigre,Izio,26678632.54,Brigham,Nineham,2042,9/3/2024
rpullano5@scribd.com,Beit Horon,Fatz,42901564.40,Ruy,Pullan,1937,7/1/2022
wbeedeno6@blogtalkradio.com,Utrecht (stad),Skyndu,21640022.06,Winona,Beeden,1929,11/10/2024
ggoudardo7@goo.gl,Anyar,Riffwire,90823457.59,Giffard,Goudard,2031,7/28/2023
bmanntschkeo8@comcast.net,Qvareli,Zoovu,96965978.86,Bronson,Manntschke,1943,10/18/2020
jcescono9@tiny.cc,Awka,Realfire,48385654.26,Jackelyn,Cescon,2021,12/30/2023
rstephensoa@exblog.jp,Nahrīn,Trudoo,28391507.83,Randal,Stephens,2030,3/28/2022
fohanveyob@reference.com,Enskede,Skidoo,37194597.31,Felisha,O' Hanvey,1920,12/1/2022
smcgeeoc@i2i.jp,Kaminokawa,Edgewire,38563727.97,Say,Mc Gee,2035,5/9/2021
mchinnockod@printfriendly.com,Manga,Brainverse,85928199.96,Merrick,Chinnock,1945,1/12/2021
kanstieoe@dot.gov,Pluak Daeng,Twitternation,35137871.40,Kalil,Anstie,2036,9/14/2022
aeyesof@nba.com,Ar Rawḑ,Yodel,10933951.33,Allina,Eyes,1913,6/15/2020
aahernog@addtoany.com,Villa Francisca,Muxo,55830826.64,Amata,Ahern,1916,4/17/2022
cmacveighoh@sitemeter.com,Kota Kinabalu,Topicshots,4443579.33,Carry,Macveigh,1907,6/4/2021
fbiaggiottioi@dedecms.com,Várzea da Palma,Quinu,90443399.30,Fae,Biaggiotti,1990,3/16/2021
rhainesoj@google.ca,Louisville,Photofeed,93364468.00,Rickie,Haines,1904,4/13/2023
opacherok@smugmug.com,Toledo,Twinder,9737888.17,Odelle,Pacher,1976,8/18/2024
rprimroseol@over-blog.com,Créteil,Zoozzy,37073403.83,Robin,Primrose,1934,9/21/2021
gsaundercockom@fastcompany.com,Kotanopan,Youtags,36848260.16,Garvey,Saundercock,1981,12/24/2022
cderellon@economist.com,Zdiby,Rooxo,98180349.85,Ced,Derell,2010,3/24/2021
mcampioneoo@opera.com,Sardoal,Jetwire,25358797.42,Mathilda,Campione,1998,9/26/2021
ieddieop@yahoo.com,Saku,Einti,75408335.90,Izzy,Eddie,1945,10/11/2020
rdukeroq@miitbeian.gov.cn,Wŏnju,Brainverse,93765816.04,Rozanne,Duker,1954,1/10/2021
brosenbaumor@census.gov,Amsterdam Oud Zuid en Rivierenbuurt,Miboo,42502750.11,Berty,Rosenbaum,1971,9/5/2023
aluckeyos@harvard.edu,Abreu e Lima,Teklist,63044347.82,Aristotle,Luckey,1992,4/8/2020
mdavydkovot@twitpic.com,Hällefors,Minyx,82869600.75,Marga,Davydkov,2033,10/28/2024
lkummerloweou@walmart.com,Soubré,Dazzlesphere,99760491.85,Leland,Kummerlowe,2019,5/28/2022
rlethlayov@adobe.com,Kafachan,Edgeblab,15527170.98,Raye,Lethlay,2023,9/25/2020
scockrellow@columbia.edu,Pilang,Browsetype,88762919.70,Shep,Cockrell,2041,2/6/2024
dmenicombox@unesco.org,Viitasaari,Kwilith,24797928.24,Devora,Menicomb,1948,9/21/2020
rschurickeoy@lulu.com,Banes,Feedspan,70832133.14,Reginauld,Schuricke,1950,10/6/2024
lgardeneroz@ameblo.jp,Zambujeira do Mar,Blognation,692219.57,Lanie,Gardener,2002,4/21/2020
skettlestringp0@so-net.ne.jp,Jiangmen,Voonix,88476762.05,Shara,Kettlestring,1933,5/30/2020
dmillicanp1@edublogs.org,Banyo,Vimbo,40209014.38,Donaugh,Millican,1974,11/22/2022
mbernathp2@tmall.com,Plátanos,Gigaclub,69857564.00,Martynne,Bernath,1954,7/22/2024
steliginp3@wix.com,Tha Luang,Wikivu,25690482.93,Sullivan,Teligin,2050,10/27/2022
tdibenp4@4shared.com,Chonogol,Trupe,55516381.37,Tallie,Diben,1955,1/19/2024
dsonnerp5@zdnet.com,El Doncello,Thoughtbeat,68887266.25,Dari,Sonner,2001,8/4/2024
wattewellp6@cdc.gov,Changshu City,Avamm,16451376.89,Walliw,Attewell,1999,3/11/2021
callbonp7@w3.org,Ongkharak,Skipfire,20120269.97,Creight,Allbon,1945,9/16/2021
jdrysdallp8@phpbb.com,Zengfu,Jayo,40722160.05,Jami,Drysdall,2018,11/4/2022
cbaptistp9@xrea.com,Taounate,Photolist,90770851.20,Cassondra,Baptist,2002,11/14/2024
pgivenpa@youtube.com,Berovo,Quatz,70929463.57,Price,Given,1968,11/25/2023
dpaddeleypb@sina.com.cn,Gamping Lor,Skaboo,92331591.82,Dolly,Paddeley,2022,12/12/2022
aeardleypc@xing.com,Xinzhai,Photobug,64023679.96,Analise,Eardley,1929,12/22/2024
civashkovpd@slate.com,Xifengshan,Dabjam,4395430.55,Charita,Ivashkov,1955,8/16/2022
fboamepe@sourceforge.net,Wudan,Rooxo,76770533.44,Farr,Boame,2036,1/11/2022
dmanicombpf@amazonaws.com,Resistencia,Vinder,35077478.34,Donielle,Manicomb,2047,12/13/2020
bbakerpg@time.com,Chakari,Tazz,69796887.15,Bancroft,Baker,2018,4/27/2024
dmckelvieph@miibeian.gov.cn,Nakhchivan,Twitterbridge,21654295.47,Demetria,McKelvie,2041,1/28/2025
agedgepi@theglobeandmail.com,Port Louis,Jatri,64598028.07,Austin,Gedge,1993,11/26/2021
cmarinipj@ebay.co.uk,Karonga,Pixonyx,97816197.24,Calla,Marini,1947,3/9/2022
rgoulleepk@stumbleupon.com,Songyuan,Jabberstorm,54633726.31,Rania,Goullee,1905,5/2/2020
eedesonpl@angelfire.com,Canalete,Yodel,28739213.45,Elihu,Edeson,1945,6/12/2020
msavourypm@godaddy.com,Miragaia,Vipe,94488245.24,Morley,Savoury,2049,9/10/2021
jthaxtonpn@amazon.co.jp,Guéret,Dynava,9536712.71,Jany,Thaxton,2035,12/27/2024
cbernoletpo@ovh.net,Dashi,Topicware,52876018.87,Chaddie,Bernolet,1932,11/4/2023
vbowellpp@google.com.au,A dos Cunhados,Plambee,96885450.88,Vasilis,Bowell,2016,9/16/2022
btaggettpq@bbc.co.uk,Esmeraldas,Rhynoodle,36662292.41,Barris,Taggett,1928,9/16/2022
tonealpr@edublogs.org,Lingdong,Feedfire,42008488.11,Tye,O'Neal,2032,4/20/2024
gdarmodyps@amazon.com,Xinle,Dabjam,75052359.16,Gasper,Darmody,1975,9/15/2022
spaschopt@wsj.com,San Guillermo,Leexo,50391065.37,Stacy,Pascho,1903,5/10/2024
abrigshawpu@mtv.com,Bato,Eare,75975036.07,Adan,Brigshaw,1904,3/13/2025
wclimancepv@admin.ch,Paris 15,Realbuzz,98101424.17,Waldo,Climance,1973,12/11/2023
jleflochpw@printfriendly.com,Tres Unidos,Tavu,2123370.57,Jane,Le Floch,2047,8/17/2020
alytlepx@mediafire.com,San Jose,Skipfire,78815766.10,Allie,Lytle,1918,12/25/2020
rfacherpy@digg.com,Pervomaysk,Roomm,60242187.91,Ranna,Facher,1917,11/2/2020
dbarrackpz@ucla.edu,Zavolzh’ye,Shuffledrive,86023730.06,Devonna,Barrack,1960,4/10/2024
jburbudgeq0@infoseek.co.jp,Wanliang,Talane,55805714.75,Jobyna,Burbudge,1938,1/1/2023
jgurrq1@homestead.com,Kannabechō-yahiro,Realpoint,66351103.94,Jamey,Gurr,1972,10/20/2021
aateridgeq2@stanford.edu,Gālīkesh,Dazzlesphere,49355708.26,Alberto,Ateridge,1914,12/23/2022
lroxburghq3@princeton.edu,Las Vegas,Topicware,45530189.61,Lil,Roxburgh,1970,1/30/2022
earchambaultq4@1und1.de,Citeureup,Flipbug,13125991.51,Eli,Archambault,1912,4/28/2021
rgodainq5@psu.edu,Huashi,Yata,17916617.91,Russell,Godain,1908,9/28/2023
ebeavesq6@stanford.edu,Gōtsuchō,Bluezoom,47743715.27,Etti,Beaves,1908,1/21/2023
nbibeyq7@google.ca,Isidro Fabela,Camido,87339509.89,Nowell,Bibey,1956,4/6/2022
ncrowdsonq8@example.com,Pinamalayan,Avamba,60046211.83,Nicky,Crowdson,1913,4/5/2023
mmerritonq9@howstuffworks.com,Albany,Voolith,68656335.81,Marketa,Merriton,1938,7/8/2022
mmcowisqa@ebay.com,Panguna,Mydeo,4352339.93,Mord,M'cowis,2020,4/27/2024
bcollinsqb@rakuten.co.jp,Ouahigouya,Zoonder,71589464.65,Berri,Collins,1948,5/25/2022
pcoplandqc@slate.com,Longjing,Dabvine,94973332.45,Powell,Copland,1921,9/19/2022
agrassickqd@canalblog.com,Krasica,Riffpath,28030759.82,Andromache,Grassick,1941,5/2/2024
lvickarqe@printfriendly.com,Ouro Preto do Oeste,Plambee,21192042.86,Lonee,Vickar,1922,12/17/2023
acarreckqf@netvibes.com,Nanortalik,Wordify,90087585.68,Alexine,Carreck,1968,8/14/2020
kcabraraqg@w3.org,Lubei,Topicware,88771952.02,Karena,Cabrara,2026,4/18/2023
zmanclarkqh@kickstarter.com,Gaspar,Linklinks,79269804.66,Zia,Manclark,1940,9/5/2022
dparkerqi@tuttocitta.it,Beja,Riffpath,55239332.41,Dunc,Parker,1973,8/9/2024
sridgersqj@japanpost.jp,Tembisa,Blognation,31161704.39,Selena,Ridgers,1943,11/12/2021
btreadwellqk@shinystat.com,Ḩawf,Yodoo,9811644.25,Beryle,Treadwell,1998,9/3/2024
jconyerql@typepad.com,Huibu,Wordware,5203090.88,Jenda,Conyer,1980,7/20/2024
rkillockqm@weather.com,Des Moines,Kanoodle,94144216.75,Raddie,Killock,2004,2/20/2022
rmcconnelqn@bandcamp.com,Amurzet,Quinu,54883226.31,Rosetta,McConnel,2021,6/23/2024
jflancinbaumqo@fda.gov,Niyang,Izio,22525778.70,Johnette,Flancinbaum,1903,1/5/2023
krosindillqp@pbs.org,Riachão do Jacuípe,Tagopia,99577046.01,Keane,Rosindill,1968,5/13/2020
kpaszekqq@shop-pro.jp,Ichnya,Feedfire,1475264.79,Koressa,Paszek,1970,8/11/2021
mgreasonqr@netvibes.com,Kupu,Yakidoo,68506085.37,Melonie,Greason,2043,12/9/2022
tsandallqs@domainmarket.com,Santa Rita,Thoughtstorm,66813994.97,Thain,Sandall,1977,2/21/2021
bhaithqt@hud.gov,Quzi,Demivee,97374929.28,Bordy,Haith,2020,3/15/2024
gbethoqu@google.cn,Santiago,Yamia,27652952.04,Gussi,Betho,2041,2/23/2023
aquerrardqv@pbs.org,Charikar,Yombu,11662898.28,Ade,Querrard,1988,6/16/2021
bchurchouseqw@histats.com,Jingzi,Kayveo,22205729.82,Brocky,Churchouse,2008,11/28/2021
iroddqx@reference.com,Navariya,Vitz,130387.15,Irina,Rodd,1935,12/1/2021
bgreenanqy@instagram.com,Gongli,Meejo,8207218.09,Brittani,Greenan,1965,9/27/2020
mganfordqz@geocities.jp,Conqueiros,Agivu,20201497.98,Michal,Ganford,1951,2/22/2024
ktythacottr0@japanpost.jp,Mozirje,Wikibox,36398955.73,Kailey,Tythacott,1995,2/7/2025
cdurhamr1@unicef.org,Ganggawang,Aimbu,24169473.71,Cecilla,Durham,1963,2/12/2021
gdafyddr2@phpbb.com,Saint-Gratien,Talane,94855292.50,Gwyn,Dafydd,2038,8/21/2021
dcorzonr3@illinois.edu,Hongxi,Yoveo,13822994.30,Daisy,Corzon,1971,5/13/2023
fferronierr4@google.fr,Xietang,Eabox,9285991.43,Florence,Ferronier,1946,12/9/2024
kkeamr5@craigslist.org,Joal-Fadiout,Fliptune,69204186.59,Kalina,Keam,1945,12/23/2023
gsouthanr6@samsung.com,Liên Chiểu,Flashset,28301083.08,Ginger,Southan,1957,8/12/2020
hcampr7@is.gd,Zorak,Wikido,40928487.22,Harrietta,Camp,2014,11/5/2023
lnewmanr8@exblog.jp,Gaizhou,Mybuzz,11828395.40,Laurice,Newman,2037,5/27/2023
gdenesr9@twitpic.com,San Antonio,Yozio,96059808.03,Gilles,Denes,1946,4/4/2020
gmarioneaura@uiuc.edu,Boynton Beach,Layo,59442615.60,Gilbertina,Marioneau,1904,5/26/2022
dhilldroprb@flickr.com,Lestijärvi,Rhyloo,88269769.86,Duky,Hilldrop,2005,8/3/2024
mbonnellrc@imgur.com,Vantaa,Meejo,47976261.20,Marlee,Bonnell,1987,12/3/2022
khellicarrd@phoca.cz,Taodian,Fivebridge,26005329.74,Kristin,Hellicar,2033,6/29/2020
nrankcomre@answers.com,Olleros,Oyondu,94649447.13,Noreen,Rankcom,1964,11/12/2023
cferronerf@dell.com,Tinabogan,JumpXS,49001499.07,Catrina,Ferrone,2038,3/14/2023
tjerminrg@taobao.com,San Juan Bautista,Aibox,69351710.54,Ted,Jermin,1987,11/2/2022
kitzchakirh@storify.com,Middelburg,Wikibox,57896318.81,Kevon,Itzchaki,2050,6/30/2020
diskowerri@nydailynews.com,Kuje,Skiba,40776157.91,Dominik,Iskower,1914,1/6/2025
edallinderrj@dropbox.com,Chadan,Voonte,32343872.46,Ellene,Dallinder,1927,10/12/2020
mdidellork@elegantthemes.com,Świebodzice,Kare,99182119.39,Madeleine,Di Dello,1937,7/10/2021
flovedayrl@symantec.com,El Paso,Eabox,2455648.38,Freddy,Loveday,2029,8/29/2021
mskellornerm@biblegateway.com,Yuqi,Trudeo,69783677.82,Margi,Skellorne,1918,5/1/2022
shorleyrn@facebook.com,Tunguang,Babbleset,30794139.16,Sunshine,Horley,1992,12/21/2023
kwogdenro@squidoo.com,Santa Maria,Dabshots,51422826.77,Kippie,Wogden,1998,5/10/2020
codennehyrp@nature.com,Peer,Tekfly,83504457.29,Cly,O'Dennehy,2041,7/1/2021
smartinellorq@phpbb.com,Suocheng,Meemm,28512560.50,Shauna,Martinello,1922,11/23/2023
mcoolerr@springer.com,La Julia,Meeveo,22044294.84,Murial,Coole,1994,5/6/2022
